citypermid	cityname_constant	cnty90	state
1	LAGRANGE	13285	GEORGIA
2	ELDORADO	17165	ILLINOIS
4	EL DORADO	20015	KANSAS
5	NORTH ATTLEBOROUGH	25005	MASSACHUSETTS
6	ST. MARY'S	39011	OHIO
7	DUBOIS	42033	PENNSYLVANIA
9	NEW CASTLE	42073	PENNSYLVANIA
10	PHILIPSBURG	42027	PENNSYLVANIA
11	POTTSTOWN	42091	PENNSYLVANIA
12	ST. MARY'S	42047	PENNSYLVANIA
14	FLORENCE-SHEFFIELD-TUSCUMBIA-MUSCLE SHOALS	1077	ALABAMA
15	MOBILE-PRICHARD-CHICKASAW	1097	ALABAMA
16	OPELIKA-AUBURN	1081	ALABAMA
17	TALLADEGA-SYLACAUGA	1121	ALABAMA
18	TUSCALOOSA-NORTHPORT	1125	ALABAMA
19	LANETT-WEST POINT	1017	ALABAMA
20	MESA-SCOTTSDALE-TEMPE	4013	ARIZONA
21	HELENA-WEST HELENA	5107	ARKANSAS
22	SPRINGDALE-ROGERS	5143	ARKANSAS
23	BANNING-BEAUMONT	6065	CALIFORNIA
24	RICHMOND-BERKELEY	6001	CALIFORNIA
25	HUNTINGTON PARK-SOUTH GATE-BELL-MAYWOOD	6037	CALIFORNIA
26	CHICO-OROVILLE	6007	CALIFORNIA
27	CULVER CITY-VENICE	6037	CALIFORNIA
28	EL CENTRO-IMPERIAL VALLEY	6025	CALIFORNIA
29	OCEANSIDE-CARLSBAD-ESCONDIDO-VISTA	6073	CALIFORNIA
30	FAIRFIELD-SUISUN	6095	CALIFORNIA
31	FREMONT-NEWARK	6001	CALIFORNIA
32	GRASS VALLEY-NEVADA CITY	6057	CALIFORNIA
33	LA HABRA-BREA	6059	CALIFORNIA
34	LANCASTER-PALMDALE	6037	CALIFORNIA
35	LIVERMORE-PLEASANTON	6001	CALIFORNIA
36	MARIN COUNTY-SAN RAFAEL	6041	CALIFORNIA
37	MARYSVILLE-YUBA CITY	6101	CALIFORNIA
38	ONTARIO-UPLAND-POMONA	6071	CALIFORNIA
39	COSTA MESA	6059	CALIFORNIA
40	SANTA ANA	6059	CALIFORNIA
41	ORANGE COUNTY	6059	CALIFORNIA
42	PALM SPRINGS-PALM DESERT	6065	CALIFORNIA
43	PALO ALTO-REDWOOD CITY	6081	CALIFORNIA
44	REDONDO BEACH-HERMOSA BEACH-MANHATTAN BEACH	6037	CALIFORNIA
45	SAN GABRIEL VALLEY-WEST COVINA	6037	CALIFORNIA
46	SAN LUIS OBISPO	6079	CALIFORNIA
47	SUNNYVALE-MOUNTAIN VIEW	6085	CALIFORNIA
48	SOUTH LAKE TAHOE	6017	CALIFORNIA
49	FORT COLLINS	8069	COLORADO
50	FORT MORGAN	8087	COLORADO
51	FAIRFIELD COUNTY-BRIDGEPORT	9001	CONNECTICUT
52	MERIDEN-WALLINGFORD	9009	CONNECTICUT
53	VERNON-ROCKVILLE	9003	CONNECTICUT
54	DOVER-LEWES	10001	DELAWARE
55	CHARLOTTE HARBOR-PORT CHARLOTTE	12015	FLORIDA
56	FORT PIERCE-PORT ST. LUCIE	12111	FLORIDA
57	FORT LAUDERDALE	12011	FLORIDA
58	FORT MYERS	12071	FLORIDA
59	HERNANDO COUNTY-BROOKSVILLE	12053	FLORIDA
60	HOMESTEAD-FLORIDA CITY	12025	FLORIDA
61	HIGHLANDS COUNTY-SEBRING	12055	FLORIDA
62	MIAMI-MIAMI BEACH	12025	FLORIDA
63	NEW SMYRNA-NEW SMYRNA BEACH	12127	FLORIDA
64	ST. PETERSBURG-CLEARWATER	12103	FLORIDA
65	WEST POINT	13285	GEORGIA
66	LEWISTON-CLARKSTON	16069	IDAHO
67	NAMPA-CALDWELL	16027	IDAHO
68	ALTON-EAST ALTON-WOOD RIVER	17119	ILLINOIS
69	BLOOMINGTON-NORMAL	17113	ILLINOIS
70	CARBONDALE-HERRIN-MURPHYSBORO	17077	ILLINOIS
71	CENTRALIA-CENTRAL CITY-WAMAC	17121	ILLINOIS
72	CHAMPAIGN-URBANA	17019	ILLINOIS
73	DEKALB-SYCAMORE	17037	ILLINOIS
74	DU QUOIN-PINCKNEYVILLE	17145	ILLINOIS
75	HOFFMAN ESTATES-SCHAUMBURG	17031	ILLINOIS
76	LA SALLE-PERU-OGLESBY-SPRING VALLEY	17099	ILLINOIS
77	MOLINE-EAST MOLINE-ROCK ISLAND	17161	ILLINOIS
78	MOUNT CARROLL	17015	ILLINOIS
79	MOUNT CARMEL	17185	ILLINOIS
80	MOUNT VERNON	17081	ILLINOIS
81	MOUNT PROSPECT-PROSPECT HEIGHTS	17031	ILLINOIS
82	PALATINE-INVERNESS	17031	ILLINOIS
83	ROCKFORD-LOVES PARK	17201	ILLINOIS
84	STERLING-ROCK FALLS	17195	ILLINOIS
85	WAUKEGAN-NORTH CHICAGO	17097	ILLINOIS
86	BLOOMINGTON-BEDFORD	18105	INDIANA
87	FRANKLIN-GREENWOOD	18081	INDIANA
88	LAFAYETTE-WEST LAFAYETTE	18157	INDIANA
89	MOUNT VERNON	18129	INDIANA
90	MUNSTER-HAMMOND-MERRILLVILLE-VALPARAISO-EAST CHICAGO	18089	INDIANA
91	SOUTH BEND-MISHAWAKA	18141	INDIANA
92	CEDAR RAPIDS-MARION	19113	IOWA
93	DAVENPORT-BETTENDORF	19163	IOWA
94	DUBUQUE-EAST DUBUQUE	19061	IOWA
95	MOUNT PLEASANT	19087	IOWA
96	WATERLOO-CEDAR FALLS-EVANSDALE	19013	IOWA
97	MORRIS COUNTY-COUNCIL GROVE	20127	KANSAS
98	OLATHE-OVERLAND PARK	20091	KANSAS
99	ALEXANDRIA-PINEVILLE	22079	LOUISIANA
100	BANGOR-BREWER	23019	MAINE
101	BATH-BRUNSWICK	23005	MAINE
102	LEWISTON-AUBURN	23001	MAINE
103	BIDDEFORD-SACO-SANFORD	23031	MAINE
104	BEVERLY-PEABODY	25009	MASSACHUSETTS
105	HYANNIS-CAPE COD	25001	MASSACHUSETTS
106	HUDSON-MARLBOROUGH	25017	MASSACHUSETTS
107	FITCHBURG-LEOMINSTER	25027	MASSACHUSETTS
108	SOUTHBRIDGE	25027	MASSACHUSETTS
109	WESTFIELD	25013	MASSACHUSETTS
110	BENTON HARBOR-ST. JOSEPH	26021	MICHIGAN
111	IRON MOUNTAIN-KINGSFORD	26043	MICHIGAN
112	MOUNT PLEASANT-ALMA	26073	MICHIGAN
113	FARIBAULT	27131	MINNESOTA
114	INTERNATIONAL FALLS	27071	MINNESOTA
115	MANKATO-NORTH MANKATO	27013	MINNESOTA
116	BILOXI-GULFPORT	28047	MISSISSIPPI
117	PASCAGOULA-MOSS POINT	28059	MISSISSIPPI
118	TUPELO	28081	MISSISSIPPI
119	FESTUS-CRYSTAL CITY	29099	MISSOURI
120	PARK HILLS-FARMINGTON	29187	MISSOURI
121	WAYNESVILLE-ST. ROBERT	29169	MISSOURI
122	BUTTE-ANACONDA	30093	MONTANA
123	ELY-EAST ELY	32033	NEVADA
124	TONOPAH	32023	NEVADA
125	CONWAY-NORTH CONWAY	33003	NEW HAMPSHIRE
126	LEBANON-HANOVER	33009	NEW HAMPSHIRE
127	BERGEN COUNTY-HACKENSACK	34003	NEW JERSEY
128	BRIDGEWATER-PLAINFIELD	34039	NEW JERSEY
129	CAMDEN-CHERRY HILL	34007	NEW JERSEY
130	MORRISTOWN-PARSIPPANY	34027	NEW JERSEY
131	NEPTUNE-ASBURY PARK	34025	NEW JERSEY
132	PASSAIC-CLIFTON	34031	NEW JERSEY
133	WOODBRIDGE-PERTH AMBOY	34023	NEW JERSEY
134	RED BANK-MIDDLETOWN-SHREWSBURY	34025	NEW JERSEY
135	TOMS RIVER-BRICK TOWNSHIP	34029	NEW JERSEY
136	WILLINGBORO-BURLINGTON	34005	NEW JERSEY
137	GRANTS-MILAN	35006	NEW MEXICO
138	DUNKIRK-FREDONIA	36013	NEW YORK
139	ENDICOTT-VESTAL-ENDWELL	36007	NEW YORK
140	FREEPORT-HEMPSTEAD	36059	NEW YORK
141	GLOVERSVILLE-JOHNSTOWN	36035	NEW YORK
142	HERKIMER-ILION	36043	NEW YORK
143	HICKSVILLE-BETHPAGE	36059	NEW YORK
144	NEWBURGH-BEACON	36071	NEW YORK
145	NORTH TONAWANDA-TONAWANDA	36029	NEW YORK
146	TARRYTOWN	36119	NEW YORK
147	OSWEGO-FULTON	36075	NEW YORK
148	MANHATTAN	36047	NEW YORK
149	LONG ISLAND	36059	NEW YORK
150	CONCORD-KANNAPOLIS	37025	NORTH CAROLINA
151	HIGH POINT	37081	NORTH CAROLINA
152	SALISBURY-SPENCER-EAST SPENCER	37159	NORTH CAROLINA
153	BISMARCK-MANDAN	38015	NORTH DAKOTA
154	FARGO-MOORHEAD	38017	NORTH DAKOTA
155	GRAND FORKS-EAST GRAND FORKS	38035	NORTH DAKOTA
156	WAHPETON-BRECKINRIDGE	38077	NORTH DAKOTA
157	DOVER-NEW PHILADELPHIA	39157	OHIO
158	FAIRBORN	39057	OHIO
159	GUERNSEY COUNTY-CAMBRIDGE	39059	OHIO
160	HIGHLAND COUNTY-HILLSBORO	39071	OHIO
161	KENT-RAVENNA	39133	OHIO
162	LAKE COUNTY-WILLOUGHBY-PAINESVILLE-MENTOR	39085	OHIO
163	MARTINS FERRY-BELLAIRE	39013	OHIO
164	POMEROY-MIDDLEPORT	39105	OHIO
165	PORT CLINTON-OAK HARBOR	39123	OHIO
166	UHRICHSVILLE-DENNISON	39157	OHIO
167	WASHINGTON COURT HOUSE	39047	OHIO
168	BAKER CITY	41001	OREGON
169	COOS BAY-NORTH BEND-MARSHFIELD	41011	OREGON
170	BEAVER-ROCHESTER-AMBRIDGE-ALIQUIPPA	42007	PENNSYLVANIA
171	BEAVER FALLS-NEW BRIGHTON	42007	PENNSYLVANIA
172	BERWICK	42037	PENNSYLVANIA
173	BLOOMSBURG	42037	PENNSYLVANIA
174	BRISTOL-LEVITTOWN	42017	PENNSYLVANIA
175	CHESTER-UPPER DARBY	42045	PENNSYLVANIA
176	CLEARFIELD-CURWENSVILLE	42033	PENNSYLVANIA
177	CONNELLSVILLE-SOUTH CONNELLSVILLE	42051	PENNSYLVANIA
178	DOYLESTOWN	42017	PENNSYLVANIA
179	EASTON-BETHLEHEM	42095	PENNSYLVANIA
180	FRANKLIN-OIL CITY	42121	PENNSYLVANIA
181	HATBORO-WARMINSTER	42091	PENNSYLVANIA
182	HAZLETON-WEST HAZLETON	42079	PENNSYLVANIA
183	HOMESTEAD-WEST HOMESTEAD-MUNHALL	42003	PENNSYLVANIA
184	HONESDALE-HAWLEY	42127	PENNSYLVANIA
185	HUNTINGDON-MOUNT UNION	42061	PENNSYLVANIA
186	KING OF PRUSSIA-UPPER MERION	42091	PENNSYLVANIA
187	LEHIGHTON-JIM THORPE-PALMERTON	42025	PENNSYLVANIA
188	LOCK HAVEN-JERSEY SHORE	42035	PENNSYLVANIA
189	MCKEESPORT-DUQUESNE-CLAIRTON	42003	PENNSYLVANIA
190	MONESSEN-MONONGAHELA-CHARLEROI-DONORA	42129	PENNSYLVANIA
191	NEW KENSINGTON-ARNOLD-TARENTUM-BRACKENRIDGE	42129	PENNSYLVANIA
192	SAYRE-ATHENS	42015	PENNSYLVANIA
193	SCHUYLKILL COUNTY-POTTSVILLE	42107	PENNSYLVANIA
194	SHAMOKIN-MOUNT CARMEL	42097	PENNSYLVANIA
195	SHENANDOAH-ASHLAND-MAHANOY CITY	42107	PENNSYLVANIA
196	SHARON-FARRELL-SHARPSVILLE-WHEATLAND	42085	PENNSYLVANIA
197	STATE COLLEGE-BELLEFONTE	42027	PENNSYLVANIA
198	STROUDSBURG-EAST STROUDSBURG	42089	PENNSYLVANIA
199	PAWTUCKET-CENTRAL FALLS	44007	RHODE ISLAND
200	SPEARFISH-LEAD-DEADWOOD	46081	SOUTH DAKOTA
201	COLUMBIA	47119	TENNESSEE
202	MARYVILLE-ALCOA	47009	TENNESSEE
203	FREEPORT-CLUTE-LAKE JACKSON	48039	TEXAS
204	MOUNT PLEASANT	48449	TEXAS
205	HURST-EULESS-HALTOM CITY	48439	TEXAS
206	SHERMAN-DENISON	48181	TEXAS
207	TEMPLE-BELTON	48027	TEXAS
208	TEXARKANA	48037	TEXAS
209	BRYAN-COLLEGE STATION	48041	TEXAS
210	BIG SPRING	48227	TEXAS
211	BARRE-MONTPELIER	50023	VERMONT
212	SPRINGFIELD-BELLOWS FALLS	50027	VERMONT
213	ARLINGTON	51013	VIRGINIA
214	NEWPORT NEWS-HAMPTON	51700	VIRGINIA
215	NORFOLK-PORTSMOUTH-VIRGINIA BEACH-CHESAPEAKE	51810	VIRGINIA
216	CLIFTON FORGE-COVINGTON	51580	VIRGINIA
217	BELLEVUE	53033	WASHINGTON
218	KENT-RENTON-AUBURN	53033	WASHINGTON
219	CENTRALIA-CHEHALIS	53041	WASHINGTON
220	LONGVIEW-KELSO	53015	WASHINGTON
221	PASCO-KENNEWICK-RICHLAND	53005	WASHINGTON
222	MOUNT VERNON	53057	WASHINGTON
223	WENATCHEE	53007	WASHINGTON
224	APPLETON-NEENAH-MENASHA	55087	WISCONSIN
225	BELOIT-SOUTH BELOIT-ROCKTON	55105	WISCONSIN
226	CHIPPEWA FALLS	55017	WISCONSIN
227	FORT ATKINSON	55055	WISCONSIN
228	MANITOWOC-TWO RIVERS	55071	WISCONSIN
229	WAUSAU-MERRILL	55073	WISCONSIN
230	STEVENS POINT	55097	WISCONSIN
231	DECATUR	1103	ALABAMA
232	PORTERVILLE	6107	CALIFORNIA
233	WILLOWS	6021	CALIFORNIA
234	BRADENTON	12081	FLORIDA
235	HOT SPRINGS	5051	ARKANSAS
236	EAST ST. LOUIS	17163	ILLINOIS
237	SPRINGFIELD	17167	ILLINOIS
238	TAYLORVILLE	17021	ILLINOIS
239	CRAWFORDSVILLE	18107	INDIANA
240	MARTINSVILLE	18109	INDIANA
241	MONTPELIER	18009	INDIANA
242	MARSHALLTOWN	19127	IOWA
243	LEAVENWORTH	20103	KANSAS
244	TOPEKA	20177	KANSAS
245	MCPHERSON	20113	KANSAS
246	DANVILLE	21021	KENTUCKY
247	MADISONVILLE	21107	KENTUCKY
248	MAYFIELD	21083	KENTUCKY
249	MIDDLESBORO	21013	KENTUCKY
250	NEWBURYPORT	25009	MASSACHUSETTS
251	SAULT STE. MARIE	26033	MICHIGAN
252	YPSILANTI	26161	MICHIGAN
253	SAGINAW	26145	MICHIGAN
254	CALUMET	26061	MICHIGAN
255	BEMIDJI	27007	MINNESOTA
256	FERGUS FALLS	27111	MINNESOTA
257	ST. PAUL	27123	MINNESOTA
258	ST. CLOUD	27145	MINNESOTA
259	HATTIESBURG	28035	MISSISSIPPI
260	CAPE GIRARDEAU	29031	MISSOURI
261	EXCELSIOR SPRINGS	29047	MISSOURI
262	ST. CHARLES	29183	MISSOURI
263	ST. JOSEPH	29021	MISSOURI
264	ST. LOUIS	29510	MISSOURI
265	KEENE	33005	NEW HAMPSHIRE
266	UNION CITY	34017	NEW JERSEY
267	LAS VEGAS	35047	NEW MEXICO
268	MT. VERNON	36119	NEW YORK
269	NEW BERN	37049	NORTH CAROLINA
270	WINSTON-SALEM	37067	NORTH CAROLINA
271	DEVILS LAKE	38071	NORTH DAKOTA
273	MOUNT VERNON	39083	OHIO
274	STEUBENVILLE	39081	OHIO
275	UPPER SANDUSKY	39175	OHIO
276	OKLAHOMA CITY	40109	OKLAHOMA
277	CORVALLIS	41003	OREGON
278	NEWPORT	44005	RHODE ISLAND
279	GREENWOOD	45047	SOUTH CAROLINA
280	SAN MARCOS	48209	TEXAS
281	ST. ALBANS	50011	VERMONT
282	ST. JOHNSBURY	50005	VERMONT
283	BRISTOL	51520	VIRGINIA
284	ELLENSBURG	53037	WASHINGTON
285	FAIRMONT	54049	WEST VIRGINIA
286	GRAND RAPIDS	55141	WISCONSIN
287	MAMMOTH SPRINGS	5049	ARKANSAS
288	DAYTONA BEACH	12127	FLORIDA
289	ST. AUGUSTINE	12109	FLORIDA
290	WEST PALM BEACH	12099	FLORIDA
291	COEUR D'ALENE	16055	IDAHO
292	HAILEY	16013	IDAHO
293	COLUMBUS	18005	INDIANA
294	ELWOOD	18095	INDIANA
295	GRAND HAVEN	26139	MICHIGAN
296	CARROLLTON	29033	MISSOURI
297	LOCKPORT	36063	NEW YORK
298	GALION	39033	OHIO
299	NORWALK	9001	CONNECTICUT
300	MANCHESTER	9003	CONNECTICUT
301	TAMPA	12057	FLORIDA
302	NEWPORT	5067	ARKANSAS
303	VENTURA	6111	CALIFORNIA
304	SAN FRANCISCO	6075	CALIFORNIA
305	COLORADO SPRINGS	8041	COLORADO
306	GLENWOOD SPRINGS	8045	COLORADO
307	LA JUNTA	8089	COLORADO
308	VICTOR	8119	COLORADO
309	DANBURY	9001	CONNECTICUT
310	NEW HAVEN	9009	CONNECTICUT
311	WEST MERIDEN	9009	CONNECTICUT
313	BOISE	16001	IDAHO
314	JERSEYVILLE	17083	ILLINOIS
315	LITCHFIELD	17135	ILLINOIS
316	METROPOLIS	17127	ILLINOIS
317	WHITE HALL	17061	ILLINOIS
318	EVANSVILLE	18163	INDIANA
319	INDIANAPOLIS	18097	INDIANA
320	LA PORTE	18091	INDIANA
321	LOGANSPORT	18017	INDIANA
322	NOBLESVILLE	18057	INDIANA
323	RUSHVILLE	18139	INDIANA
324	TERRE HAUTE	18167	INDIANA
325	DES MOINES	19153	IOWA
326	FAIRFIELD	19101	IOWA
327	ABILENE	20041	KANSAS
328	CLAY CENTER	20027	KANSAS
329	JUNCTION CITY	20061	KANSAS
330	COVINGTON	21117	KENTUCKY
331	NEW ORLEANS	22071	LOUISIANA
332	BALTIMORE	24510	MARYLAND
333	LAWRENCE	25009	MASSACHUSETTS
334	SPRINGFIELD	25013	MASSACHUSETTS
335	WEBSTER	25027	MASSACHUSETTS
336	COLDWATER	26023	MICHIGAN
337	GREENVILLE	26117	MICHIGAN
338	IRONWOOD	26053	MICHIGAN
339	DETROIT	26163	MICHIGAN
340	PIPESTONE	27117	MINNESOTA
341	RED WING	27049	MINNESOTA
342	GREENVILLE	28151	MISSISSIPPI
343	CARTHAGE	29097	MISSOURI
344	JEFFERSON CITY	29051	MISSOURI
345	KANSAS CITY	29095	MISSOURI
346	CHEYENNE	56021	WYOMING
347	LARAMIE	56001	WYOMING
348	RACINE	55101	WISCONSIN
349	MONROE	55045	WISCONSIN
350	LA CROSSE	55063	WISCONSIN
351	GREEN BAY	55009	WISCONSIN
352	EAU CLAIRE	55035	WISCONSIN
353	MARTINSBURG	54003	WEST VIRGINIA
354	PARKERSBURG	54107	WEST VIRGINIA
355	SPOKANE	53063	WASHINGTON
356	STAUNTON	51790	VIRGINIA
357	PETERSBURG	51730	VIRGINIA
358	LYNCHBURG	51680	VIRGINIA
359	ALEXANDRIA	51510	VIRGINIA
360	OGDEN	49057	UTAH
361	PROVO	49049	UTAH
362	TYLER	48423	TEXAS
363	MEXIA	48293	TEXAS
364	EL PASO	48141	TEXAS
365	BAY CITY	48321	TEXAS
366	BRISTOL	47163	TENNESSEE
367	RAPID CITY	46103	SOUTH DAKOTA
368	SPARTANBURG	45083	SOUTH CAROLINA
369	WOONSOCKET	44007	RHODE ISLAND
370	TITUSVILLE	42039	PENNSYLVANIA
371	READING	42011	PENNSYLVANIA
372	PITTSBURGH	42003	PENNSYLVANIA
373	PHOENIXVILLE	42029	PENNSYLVANIA
374	PETROLEUM CENTER	42121	PENNSYLVANIA
375	KITTANNING	42005	PENNSYLVANIA
376	HARRISBURG	42043	PENNSYLVANIA
377	ERIE	42049	PENNSYLVANIA
378	CORRY	42049	PENNSYLVANIA
379	BUTLER	42019	PENNSYLVANIA
380	LEBANON	42075	PENNSYLVANIA
381	ASTORIA	41007	OREGON
382	TOLEDO	39095	OHIO
383	NORWALK	39077	OHIO
384	MANSFIELD	39139	OHIO
385	DAYTON	39113	OHIO
386	COLUMBUS	39049	OHIO
387	GREENVILLE	37147	NORTH CAROLINA
388	CHARLOTTE	37119	NORTH CAROLINA
389	SARATOGA SPRINGS	36091	NEW YORK
390	MATTEAWAN	36027	NEW YORK
391	GLENS FALLS	36113	NEW YORK
392	FISHKILL-ON-HUDSON	36021	NEW YORK
393	COHOES	36001	NEW YORK
394	BROOKLYN	36047	NEW YORK
395	RATON	35007	NEW MEXICO
396	ALBUQUERQUE	35001	NEW MEXICO
397	PHILLIPSBURG	34041	NEW JERSEY
398	ATLANTIC CITY	34001	NEW JERSEY
399	HOBOKEN	34017	NEW JERSEY
400	MT. WASHINGTON	 	NEW HAMPSHIRE
401	MCCOMB	28113	MISSISSIPPI
402	BOONE	19015	IOWA
403	PORTLAND	18075	INDIANA
404	FRESNO	6019	CALIFORNIA
405	NAPA	6055	CALIFORNIA
406	SALINAS	6053	CALIFORNIA
407	PUEBLO	8101	COLORADO
408	SANTA MONICA-OCEAN PARK	6037	CALIFORNIA
409	LEWISTOWN	17057	ILLINOIS
410	NEW ALBANY	18043	INDIANA
411	NEW CASTLE	18065	INDIANA
412	SCOTTSBLUFF	31157	NEBRASKA
413	HORNELL	36101	NEW YORK
414	NIAGARA FALLS	36063	NEW YORK
415	PLATTSBURGH	36019	NEW YORK
416	WILKES-BARRE	42079	PENNSYLVANIA
417	WILLIAMSPORT	42081	PENNSYLVANIA
418	GREENEVILLE	47059	TENNESSEE
419	MT. VERNON	53057	WASHINGTON
420	BELLINGHAM	53073	WASHINGTON
421	SEDALIA	29159	MISSOURI
422	BRAIDWOOD	17197	ILLINOIS
423	ROCHESTER	18049	INDIANA
424	DOWAGIAC	26027	MICHIGAN
425	PIERCE CITY	29109	MISSOURI
426	BOONVILLE	29053	MISSOURI
427	FREMONT	31053	NEBRASKA
428	MECHANICVILLE	36091	NEW YORK
429	GOLDSBORO	37191	NORTH CAROLINA
431	HURON	46005	SOUTH DAKOTA
432	BURLINGTON	50007	VERMONT
433	COLFAX	53075	WASHINGTON
434	HUNTSVILLE	1089	ALABAMA
435	MONTGOMERY	1101	ALABAMA
436	SELMA	1047	ALABAMA
437	LITTLE ROCK	5119	ARKANSAS
438	LOS ANGELES	6037	CALIFORNIA
439	OAKLAND	6001	CALIFORNIA
440	SACRAMENTO	6067	CALIFORNIA
441	SAN JOSE	6085	CALIFORNIA
442	STOCKTON	6077	CALIFORNIA
443	CENTRAL CITY	8047	COLORADO
444	DENVER	8031	COLORADO
445	HARTFORD	9003	CONNECTICUT
446	NEW LONDON	9011	CONNECTICUT
447	NORWICH	9011	CONNECTICUT
448	WATERBURY	9009	CONNECTICUT
449	WILMINGTON	10003	DELAWARE
450	WASHINGTON	11001	DISTRICT OF COLUMBIA
451	ATLANTA	13121	GEORGIA
452	AUGUSTA	13245	GEORGIA
453	COLUMBUS	13215	GEORGIA
454	MACON	13021	GEORGIA
455	SAVANNAH	13051	GEORGIA
456	BELLEVILLE	17163	ILLINOIS
457	CAIRO	17003	ILLINOIS
458	CHICAGO	17031	ILLINOIS
459	DECATUR	17115	ILLINOIS
460	GALENA	17085	ILLINOIS
461	JACKSONVILLE	17137	ILLINOIS
462	PEORIA	17143	ILLINOIS
463	QUINCY	17001	ILLINOIS
464	FORT WAYNE	18003	INDIANA
465	MADISON	18077	INDIANA
466	BURLINGTON	19057	IOWA
467	COUNCIL BLUFFS	19155	IOWA
468	KEOKUK	19111	IOWA
469	MUSCATINE	19139	IOWA
470	OTTUMWA	19179	IOWA
471	ATCHISON	20005	KANSAS
472	LAWRENCE	20045	KANSAS
473	LOUISVILLE	21111	KENTUCKY
474	PADUCAH	21145	KENTUCKY
475	SHREVEPORT	22017	LOUISIANA
476	PORTLAND	23005	MAINE
477	BOSTON	25025	MASSACHUSETTS
478	FALL RIVER	25005	MASSACHUSETTS
479	LOWELL	25017	MASSACHUSETTS
480	NEW BEDFORD	25005	MASSACHUSETTS
481	TAUNTON	25005	MASSACHUSETTS
482	WORCESTER	25027	MASSACHUSETTS
483	ADRIAN	26091	MICHIGAN
484	EAST SAGINAW	26145	MICHIGAN
485	GRAND RAPIDS	26081	MICHIGAN
486	JACKSON	26075	MICHIGAN
487	KALAMAZOO	26077	MICHIGAN
488	MINNEAPOLIS	27053	MINNESOTA
489	WINONA	27169	MINNESOTA
490	MERIDIAN	28075	MISSISSIPPI
491	VICKSBURG	28149	MISSISSIPPI
492	HANNIBAL	29127	MISSOURI
493	HELENA	30049	MONTANA
494	NEBRASKA CITY	31131	NEBRASKA
495	OMAHA	31055	NEBRASKA
496	AUSTIN	 	NEVADA
497	CARSON CITY	32510	NEVADA
498	GOLD HILL	 	NEVADA
499	VIRGINIA CITY	 	NEVADA
500	CONCORD	33013	NEW HAMPSHIRE
501	MANCHESTER	33011	NEW HAMPSHIRE
502	PORTSMOUTH	33015	NEW HAMPSHIRE
503	ELIZABETH	34039	NEW JERSEY
504	JERSEY CITY	34017	NEW JERSEY
505	NEW BRUNSWICK	34023	NEW JERSEY
506	NEWARK	34013	NEW JERSEY
507	PATERSON	34031	NEW JERSEY
508	TRENTON	34021	NEW JERSEY
509	ALBANY	36001	NEW YORK
510	AUBURN	36011	NEW YORK
511	BINGHAMTON	36007	NEW YORK
512	BUFFALO	36029	NEW YORK
513	ELMIRA	36015	NEW YORK
514	FLUSHING	36047	NEW YORK
515	HUDSON	36021	NEW YORK
516	MIDDLETOWN	36071	NEW YORK
517	OGDENSBURG	36089	NEW YORK
518	POUGHKEEPSIE	36027	NEW YORK
519	ROCHESTER	36055	NEW YORK
520	SCHENECTADY	36093	NEW YORK
521	SYRACUSE	36067	NEW YORK
522	TROY	36083	NEW YORK
523	UTICA	36065	NEW YORK
524	WATERTOWN	36045	NEW YORK
525	YONKERS	36119	NEW YORK
526	RALEIGH	37183	NORTH CAROLINA
527	WILMINGTON	37129	NORTH CAROLINA
528	CINCINNATI	39061	OHIO
529	CLEVELAND	39035	OHIO
530	SANDUSKY	39043	OHIO
531	SPRINGFIELD	39023	OHIO
532	ZANESVILLE	39119	OHIO
533	PORTLAND	41051	OREGON
534	SALEM	41047	OREGON
535	ALLENTOWN	42077	PENNSYLVANIA
536	COLUMBIA	42071	PENNSYLVANIA
537	LANCASTER	42071	PENNSYLVANIA
538	MEADVILLE	42039	PENNSYLVANIA
539	PHILADELPHIA	42101	PENNSYLVANIA
540	PITHOLE	42121	PENNSYLVANIA
541	SCRANTON	42069	PENNSYLVANIA
542	PROVIDENCE	44007	RHODE ISLAND
543	CHARLESTON	45019	SOUTH CAROLINA
544	COLUMBIA	45079	SOUTH CAROLINA
545	CHATTANOOGA	47065	TENNESSEE
546	KNOXVILLE	47093	TENNESSEE
547	MEMPHIS	47157	TENNESSEE
548	NASHVILLE	47037	TENNESSEE
549	AUSTIN	48453	TEXAS
550	BROWNSVILLE	48061	TEXAS
551	GALVESTON	48167	TEXAS
552	HOUSTON	48201	TEXAS
553	SAN ANTONIO	48029	TEXAS
554	SALT LAKE CITY	49035	UTAH
555	RUTLAND	50021	VERMONT
556	RICHMOND	51760	VIRGINIA
557	WHEELING	54069	WEST VIRGINIA
558	JANESVILLE	55105	WISCONSIN
559	MADISON	55025	WISCONSIN
560	MILWAUKEE	55079	WISCONSIN
561	OSHKOSH	55139	WISCONSIN
562	CAMDEN	5103	ARKANSAS
563	PETALUMA	6097	CALIFORNIA
564	SAN DIEGO	6073	CALIFORNIA
565	VALLEJO	6095	CALIFORNIA
566	ROME	13115	GEORGIA
567	GALESBURG	17095	ILLINOIS
568	SHAWNEETOWN	17059	ILLINOIS
569	CLINTON	19045	IOWA
570	IOWA CITY	19103	IOWA
571	MCGREGOR	19043	IOWA
572	RED OAK	19137	IOWA
573	SIOUX CITY	19193	IOWA
574	FORT SCOTT	20011	KANSAS
575	LEXINGTON	21067	KENTUCKY
576	AUGUSTA	23011	MAINE
577	CUMBERLAND	24001	MARYLAND
578	HAVERHILL	25009	MASSACHUSETTS
579	BAY CITY	26017	MICHIGAN
580	PORT HURON	26147	MICHIGAN
581	DULUTH	27137	MINNESOTA
582	LINCOLN	31109	NEBRASKA
583	PLATTSMOUTH	31025	NEBRASKA
584	EUREKA	 	NEVADA
585	HAMILTON	 	NEVADA
586	NASHUA	33011	NEW HAMPSHIRE
587	SANTA FE	35049	NEW MEXICO
588	ITHACA	36109	NEW YORK
589	JAMESTOWN	36013	NEW YORK
590	LONG ISLAND CITY	36047	NEW YORK
591	RONDOUT	36111	NEW YORK
592	AKRON	39153	OHIO
593	GERMANTOWN	42055	PENNSYLVANIA
594	NORRISTOWN	42091	PENNSYLVANIA
595	SOUTH BETHLEHEM	42005	PENNSYLVANIA
596	TIDIOUTE	42123	PENNSYLVANIA
597	YORK	42133	PENNSYLVANIA
598	AIKEN	45003	SOUTH CAROLINA
599	JACKSON	47113	TENNESSEE
600	JEFFERSON	48315	TEXAS
601	WACO	48309	TEXAS
602	CORINNE	49003	UTAH
603	OLYMPIA	53067	WASHINGTON
604	CHARLESTON	54039	WEST VIRGINIA
605	FOND DU LAC	55039	WISCONSIN
606	BIRMINGHAM	1073	ALABAMA
607	EUREKA	6023	CALIFORNIA
608	SAN BERNARDINO	6071	CALIFORNIA
609	SANTA BARBARA	6083	CALIFORNIA
610	SANTA ROSA	6097	CALIFORNIA
611	MIDDLETOWN	9007	CONNECTICUT
612	JACKSONVILLE	12031	FLORIDA
613	GRIFFIN	13255	GEORGIA
614	SILVER CITY	 	IDAHO
615	AURORA	17089	ILLINOIS
616	BLUE ISLAND	17031	ILLINOIS
617	DANVILLE	17183	ILLINOIS
618	ELGIN	17089	ILLINOIS
619	FREEPORT	17177	ILLINOIS
620	JOLIET	17197	ILLINOIS
621	LINCOLN	17107	ILLINOIS
622	MATTOON	17029	ILLINOIS
623	OLNEY	17159	ILLINOIS
624	PEKIN	17179	ILLINOIS
625	ELKHART	18039	INDIANA
626	JEFFERSONVILLE	18019	INDIANA
627	RICHMOND	18177	INDIANA
628	DECORAH	19191	IOWA
629	INDEPENDENCE	20125	KANSAS
630	BATON ROUGE	22033	LOUISIANA
631	HAGERSTOWN	24043	MARYLAND
632	BATTLE CREEK	26025	MICHIGAN
633	JACKSON	28049	MISSISSIPPI
634	NATCHEZ	28001	MISSISSIPPI
635	MOBERLY	29175	MISSOURI
636	WARRENSBURG	29101	MISSOURI
637	KEARNEY	31019	NEBRASKA
638	ELKO	32007	NEVADA
639	PIOCHE	 	NEVADA
640	RENO	32031	NEVADA
641	SILVER CITY	 	NEVADA
642	WINNEMUCCA	32013	NEVADA
643	DOVER	33017	NEW HAMPSHIRE
644	BRIDGETON	34011	NEW JERSEY
645	VINELAND	34011	NEW JERSEY
646	KINGSTON	36111	NEW YORK
647	PORT JERVIS	36071	NEW YORK
648	PORTSMOUTH	39145	OHIO
649	TIFFIN	39147	OHIO
650	URBANA	39021	OHIO
651	YOUNGSTOWN	39099	OHIO
652	ALBANY	41043	OREGON
653	ALLEGHENY	42005	PENNSYLVANIA
654	ALTOONA	42013	PENNSYLVANIA
655	JOHNSTOWN	42021	PENNSYLVANIA
656	PARKER CITY	42005	PENNSYLVANIA
657	TAMAQUA	42107	PENNSYLVANIA
658	WEST CHESTER	42029	PENNSYLVANIA
659	GREENVILLE	45045	SOUTH CAROLINA
660	YANKTON	46135	SOUTH DAKOTA
661	CORPUS CHRISTI	48355	TEXAS
662	DALLAS	48113	TEXAS
663	PALESTINE	48001	TEXAS
664	PARIS	48277	TEXAS
665	BENNINGTON	50003	VERMONT
666	DANVILLE	51590	VIRGINIA
667	SEATTLE	53033	WASHINGTON
668	EVANSTON	56041	WYOMING
669	PHOENIX	4013	ARIZONA
670	PRESCOTT	4025	ARIZONA
671	TOMBSTONE	4003	ARIZONA
672	TUCSON	4019	ARIZONA
673	BODIE	 	CALIFORNIA
674	RED BLUFF	6103	CALIFORNIA
675	WOODLAND	6113	CALIFORNIA
676	BUENA VISTA	8015	COLORADO
677	LEADVILLE	8065	COLORADO
678	LONGMONT	8013	COLORADO
679	SILVER CLIFF	8027	COLORADO
680	TRINIDAD	8071	COLORADO
681	ALBANY	13095	GEORGIA
682	ATHENS	13059	GEORGIA
683	MACOMB	17109	ILLINOIS
684	OTTAWA	17099	ILLINOIS
685	WARSAW	17067	ILLINOIS
686	KOKOMO	18067	INDIANA
687	MUNCIE	18035	INDIANA
688	SEYMOUR	18071	INDIANA
689	SHELBYVILLE	18145	INDIANA
690	VINCENNES	18083	INDIANA
691	WINCHESTER	18135	INDIANA
692	ATLANTIC	19029	IOWA
693	DE SOTO	19049	IOWA
694	EMPORIA	20111	KANSAS
695	OTTAWA	20059	KANSAS
696	WICHITA	20173	KANSAS
697	FRANKFORT	21073	KENTUCKY
698	ANNAPOLIS	24003	MARYLAND
699	FREDERICK	24021	MARYLAND
700	BROCKTON	25023	MASSACHUSETTS
701	LYNN	25009	MASSACHUSETTS
702	FLINT	26049	MICHIGAN
703	IONIA	26067	MICHIGAN
704	MUSKEGON	26121	MICHIGAN
705	TRAVERSE CITY	26055	MICHIGAN
706	COLUMBUS	28087	MISSISSIPPI
707	JOPLIN	29097	MISSOURI
708	LEBANON	29105	MISSOURI
709	MARSHALL	29195	MISSOURI
710	MEXICO	29007	MISSOURI
711	NEOSHO	29145	MISSOURI
712	SPRINGFIELD	29077	MISSOURI
713	HASTINGS	31001	NEBRASKA
714	TUSCARORA	 	NEVADA
715	MILLVILLE	34011	NEW JERSEY
716	SILVER CITY	35017	NEW MEXICO
717	AMSTERDAM	36057	NEW YORK
718	BATAVIA	36037	NEW YORK
719	CATSKILL	36039	NEW YORK
720	GRANVILLE	36115	NEW YORK
721	OLEAN	36009	NEW YORK
722	SAUGERTIES	36111	NEW YORK
723	ELIZABETH CITY	37139	NORTH CAROLINA
724	WELDON	37083	NORTH CAROLINA
725	CANTON	39151	OHIO
726	DELAWARE	39041	OHIO
727	HAMILTON	39017	OHIO
728	BRADFORD	42083	PENNSYLVANIA
729	CHAMBERSBURG	42055	PENNSYLVANIA
730	PITTSTON	42079	PENNSYLVANIA
731	TOWANDA	42015	PENNSYLVANIA
732	WASHINGTON	42125	PENNSYLVANIA
733	CENTRAL CITY	46081	SOUTH DAKOTA
734	BRENHAM	48477	TEXAS
735	FORT WORTH	48439	TEXAS
736	GAINESVILLE	48097	TEXAS
737	HEMPSTEAD	48473	TEXAS
738	ORANGE	48361	TEXAS
739	MANCHESTER	51760	VIRGINIA
740	WALLA WALLA	53071	WASHINGTON
741	EUFAULA	1005	ALABAMA
742	FORT SMITH	5131	ARKANSAS
743	MODESTO	6099	CALIFORNIA
744	RIVERSIDE	6065	CALIFORNIA
745	SANTA CRUZ	6087	CALIFORNIA
746	VISALIA	6107	CALIFORNIA
747	BOULDER	8013	COLORADO
748	BRECKENRIDGE	8117	COLORADO
749	DURANGO	8067	COLORADO
750	GUNNISON	8051	COLORADO
751	SALIDA	8015	COLORADO
752	SOUTH PUEBLO	8101	COLORADO
753	ANSONIA	9009	CONNECTICUT
754	NEW BRITAIN	9003	CONNECTICUT
755	WINSTED	9005	CONNECTICUT
756	GAINESVILLE	12001	FLORIDA
757	PALATKA	12107	FLORIDA
758	KETCHUM	16013	IDAHO
759	CANTON	17057	ILLINOIS
760	DIXON	17103	ILLINOIS
761	HOOPESTON	17183	ILLINOIS
762	MONMOUTH	17187	ILLINOIS
763	MORRIS	17063	ILLINOIS
764	NASHVILLE	17189	ILLINOIS
765	ROODHOUSE	17061	ILLINOIS
766	SOUTH CHICAGO	17031	ILLINOIS
767	STREATOR	17099	ILLINOIS
768	ANDERSON	18095	INDIANA
769	BLUFFTON	18179	INDIANA
770	GOSHEN	18039	INDIANA
771	HUNTINGTON	18069	INDIANA
772	MICHIGAN CITY	18091	INDIANA
773	WABASH	18169	INDIANA
774	WARSAW	18085	INDIANA
775	WASHINGTON	18027	INDIANA
776	CRESTON	19175	IOWA
777	FORT DODGE	19187	IOWA
778	FORT MADISON	19111	IOWA
779	LE MARS	19149	IOWA
780	PARSONS	20099	KANSAS
781	BOWLING GREEN	21227	KENTUCKY
782	MAYSVILLE	21161	KENTUCKY
783	MOUNT STERLING	21173	KENTUCKY
784	OLD ORCHARD	23031	MAINE
785	CAMBRIDGE	25017	MASSACHUSETTS
786	HOLYOKE	25013	MASSACHUSETTS
787	NORTHAMPTON	25015	MASSACHUSETTS
788	PITTSFIELD	25003	MASSACHUSETTS
789	SALEM	25009	MASSACHUSETTS
790	WALTHAM	25017	MASSACHUSETTS
791	BIG RAPIDS	26107	MICHIGAN
792	LANSING	26065	MICHIGAN
793	MARSHALL	26025	MICHIGAN
794	HASTINGS	27037	MINNESOTA
795	MOORHEAD	27027	MINNESOTA
796	STILLWATER	27163	MINNESOTA
797	CAMERON	29049	MISSOURI
798	CHILLICOTHE	29117	MISSOURI
799	CLINTON	29083	MISSOURI
800	INDEPENDENCE	29095	MISSOURI
801	LAMAR	29011	MISSOURI
802	NEVADA	29217	MISSOURI
803	RICH HILL	29013	MISSOURI
804	TRENTON	29079	MISSOURI
805	FORT BENTON	30015	MONTANA
806	LIVINGSTON	30067	MONTANA
807	MILES CITY	30017	MONTANA
808	BEATRICE	31067	NEBRASKA
809	GRAND ISLAND	31079	NEBRASKA
810	LACONIA	33001	NEW HAMPSHIRE
811	DEMING	35029	NEW MEXICO
812	SOCORRO	35053	NEW MEXICO
813	MEDINA	36073	NEW YORK
814	ROME	36065	NEW YORK
815	TONAWANDA	36029	NEW YORK
816	WELLSVILLE	36003	NEW YORK
817	ASHEVILLE	37021	NORTH CAROLINA
818	DURHAM	37063	NORTH CAROLINA
819	GREENSBORO	37081	NORTH CAROLINA
820	JAMESTOWN	38093	NORTH DAKOTA
821	VALLEY CITY	38003	NORTH DAKOTA
822	ASHTABULA	39007	OHIO
823	CHILLICOTHE	39141	OHIO
824	DEFIANCE	39039	OHIO
825	FINDLAY	39063	OHIO
826	LEBANON	39165	OHIO
827	LIMA	39003	OHIO
828	MARION	39101	OHIO
829	NEWARK	39089	OHIO
830	PIQUA	39109	OHIO
831	VAN WERT	39161	OHIO
832	WARREN	39155	OHIO
833	WOOSTER	39169	OHIO
834	XENIA	39057	OHIO
835	THE DALLES	41065	OREGON
836	CARLISLE	42041	PENNSYLVANIA
837	DANVILLE	42093	PENNSYLVANIA
838	GREENSBURG	42129	PENNSYLVANIA
839	RENOVO	42035	PENNSYLVANIA
840	STEELTON	42043	PENNSYLVANIA
841	SUNBURY	42097	PENNSYLVANIA
842	UNIONTOWN	42051	PENNSYLVANIA
843	MITCHELL	46035	SOUTH DAKOTA
844	PIERRE	46065	SOUTH DAKOTA
845	SIOUX FALLS	46099	SOUTH DAKOTA
846	WATERTOWN	46029	SOUTH DAKOTA
847	ABILENE	48441	TEXAS
848	CORSICANA	48349	TEXAS
849	LAMPASAS	48281	TEXAS
850	DAYTON	53013	WASHINGTON
851	PORT TOWNSEND	53031	WASHINGTON
852	TACOMA	53053	WASHINGTON
853	BERLIN	55047	WISCONSIN
854	LAKE GENEVA	55127	WISCONSIN
855	ANNISTON	1015	ALABAMA
856	EUREKA SPRINGS	5015	ARKANSAS
857	PARAGOULD	5055	ARKANSAS
858	PINE BLUFF	5069	ARKANSAS
859	TEXARKANA	5091	ARKANSAS
860	COLTON	6071	CALIFORNIA
861	CORONADO	6073	CALIFORNIA
862	MARTINEZ	6013	CALIFORNIA
863	MERCED	6047	CALIFORNIA
864	PASADENA	6037	CALIFORNIA
865	ST. HELENA	6055	CALIFORNIA
866	TULARE	6107	CALIFORNIA
867	ASPEN	8097	COLORADO
868	OURAY	8091	COLORADO
869	SILVERTON	8111	COLORADO
870	BIRMINGHAM	9009	CONNECTICUT
871	KEY WEST	12087	FLORIDA
872	ORLANDO	12095	FLORIDA
873	PENSACOLA	12033	FLORIDA
874	SANFORD	12117	FLORIDA
875	AMERICUS	13261	GEORGIA
876	BRUNSWICK	13127	GEORGIA
877	THOMASVILLE	13275	GEORGIA
878	MURRAY	16001	IDAHO
879	CARLINVILLE	17117	ILLINOIS
880	ENGLEWOOD	17031	ILLINOIS
881	KANKAKEE	17091	ILLINOIS
882	MARSEILLES	17099	ILLINOIS
883	PANA	17021	ILLINOIS
884	PARIS	17045	ILLINOIS
885	SHELBYVILLE	17173	ILLINOIS
886	MARION	18053	INDIANA
887	PERU	18103	INDIANA
888	PRINCETON	18051	INDIANA
889	UNION CITY	18135	INDIANA
890	BEDFORD	19173	IOWA
891	OSKALOOSA	19123	IOWA
892	ANTHONY	20077	KANSAS
893	ARKANSAS CITY	20035	KANSAS
894	CONCORDIA	20029	KANSAS
895	EUREKA	20073	KANSAS
896	GARDEN CITY	20055	KANSAS
897	GREAT BEND	20009	KANSAS
898	HARPER	20077	KANSAS
899	HORTON	20013	KANSAS
900	HUTCHINSON	20155	KANSAS
901	KANSAS CITY	20209	KANSAS
902	KINGMAN	20095	KANSAS
903	LARNED	20145	KANSAS
904	LYONS	20159	KANSAS
905	MARION	20115	KANSAS
906	NEWTON	20079	KANSAS
907	NORTH TOPEKA	20177	KANSAS
908	OSAGE CITY	20139	KANSAS
909	OSWEGO	20099	KANSAS
910	PITTSBURG	20037	KANSAS
911	RUSH CENTRE	20165	KANSAS
912	SALINA	20169	KANSAS
913	SMITH CENTRE	20183	KANSAS
914	STERLING	20159	KANSAS
915	WAMEGO	20149	KANSAS
916	WELLINGTON	20191	KANSAS
917	WINFIELD	20035	KANSAS
918	HENDERSON	21101	KENTUCKY
919	OWENSBORO	21059	KENTUCKY
920	AMESBURY	25009	MASSACHUSETTS
921	GLOUCESTER	25009	MASSACHUSETTS
922	MALDEN	25017	MASSACHUSETTS
923	MILFORD	25027	MASSACHUSETTS
924	MARQUETTE	26103	MICHIGAN
925	NILES	26021	MICHIGAN
926	PETOSKEY	26047	MICHIGAN
927	ST. LOUIS	26057	MICHIGAN
928	BRAINERD	27035	MINNESOTA
929	CANTON	28089	MISSISSIPPI
930	AURORA	29109	MISSOURI
931	FULTON	29027	MISSOURI
932	GREAT FALLS	30013	MONTANA
933	MISSOULA	30063	MONTANA
934	BROKEN BOW	31041	NEBRASKA
935	NORFOLK	31119	NEBRASKA
936	RED CLOUD	31181	NEBRASKA
937	SOUTH OMAHA	31055	NEBRASKA
938	WYMORE	31067	NEBRASKA
939	CORNING	36101	NEW YORK
940	LITTLE FALLS	36043	NEW YORK
941	ONEONTA	36077	NEW YORK
942	REIDSVILLE	37157	NORTH CAROLINA
943	ALLIANCE	39151	OHIO
944	BOWLING GREEN	39173	OHIO
945	BUCYRUS	39033	OHIO
946	CIRCLEVILLE	39129	OHIO
947	EAST LIVERPOOL	39029	OHIO
948	FOSTORIA	39147	OHIO
949	FREMONT	39143	OHIO
950	MASSILLON	39151	OHIO
951	TROY	39109	OHIO
952	WELLSVILLE	39029	OHIO
953	PENDLETON	41059	OREGON
954	BIRDSBORO	42011	PENNSYLVANIA
955	BRADDOCK	42003	PENNSYLVANIA
956	CARBONDALE	42069	PENNSYLVANIA
957	MILTON	42097	PENNSYLVANIA
958	SUSQUEHANNA	42115	PENNSYLVANIA
959	TYRONE	42013	PENNSYLVANIA
960	WARREN	42123	PENNSYLVANIA
961	ABERDEEN	46013	SOUTH DAKOTA
962	LAREDO	48479	TEXAS
963	LEXINGTON	51678	VIRGINIA
964	ROANOKE	51770	VIRGINIA
965	CLARKSBURG	54033	WEST VIRGINIA
966	HUNTINGTON	54011	WEST VIRGINIA
967	ASHLAND	55003	WISCONSIN
968	BEAVER DAM	55027	WISCONSIN
969	PORTAGE	55021	WISCONSIN
970	SHEBOYGAN	55117	WISCONSIN
971	SPARTA	55081	WISCONSIN
972	WEST SUPERIOR	55031	WISCONSIN
973	NOGALES	4023	ARIZONA
974	SEARCY	5145	ARKANSAS
975	ALAMEDA	6001	CALIFORNIA
976	BAKERSFIELD	6029	CALIFORNIA
977	COLUSA	6011	CALIFORNIA
978	SELMA	6019	CALIFORNIA
979	COLORADO CITY	8101	COLORADO
980	GRAND JUNCTION	8077	COLORADO
981	GREENWICH	9001	CONNECTICUT
982	STAMFORD	9001	CONNECTICUT
983	TORRINGTON	9005	CONNECTICUT
984	WILLIMANTIC	9015	CONNECTICUT
985	CARROLLTON	13045	GEORGIA
986	TALLAPOOSA	13143	GEORGIA
987	MOSCOW	16057	IDAHO
988	CHARLESTON	17029	ILLINOIS
989	GIBSON CITY	17053	ILLINOIS
990	SULLIVAN	17139	ILLINOIS
991	BRAZIL	18021	INDIANA
992	COLUMBIA CITY	18183	INDIANA
993	CONNERSVILLE	18041	INDIANA
994	EDINBURG	18081	INDIANA
995	FRANKFORT	18023	INDIANA
996	KENDALLVILLE	18113	INDIANA
997	LEBANON	18011	INDIANA
998	CARROLL	19027	IOWA
999	MASON CITY	19033	IOWA
1000	MISSOURI VALLEY	19085	IOWA
1001	WEBSTER CITY	19079	IOWA
1002	CHERRYVALE	20125	KANSAS
1003	COFFEYVILLE	20125	KANSAS
1004	HIAWATHA	20013	KANSAS
1005	MARYSVILLE	20117	KANSAS
1006	ASHLAND	21019	KENTUCKY
1007	HOPKINSVILLE	21047	KENTUCKY
1008	NEWPORT	21037	KENTUCKY
1009	DONALDSONVILLE	22005	LOUISIANA
1010	PLAQUEMINE	22047	LOUISIANA
1011	GARDINER	23011	MAINE
1012	ATTLEBORO	25005	MASSACHUSETTS
1013	CHELSEA	25025	MASSACHUSETTS
1014	QUINCY	25021	MASSACHUSETTS
1015	SOUTH FRAMINGHAM	25017	MASSACHUSETTS
1016	WOBURN	25017	MASSACHUSETTS
1017	ALPENA	26007	MICHIGAN
1018	ANN ARBOR	26161	MICHIGAN
1019	ISHPEMING	26103	MICHIGAN
1020	LUDINGTON	26105	MICHIGAN
1021	MANISTEE	26101	MICHIGAN
1022	PONTIAC	26125	MICHIGAN
1023	WEST BAY CITY	26017	MICHIGAN
1024	AUSTIN	27099	MINNESOTA
1025	CROOKSTON	27119	MINNESOTA
1026	LITTLE FALLS	27097	MINNESOTA
1027	NEW BRIGHTON	27123	MINNESOTA
1028	ROCHESTER	27109	MINNESOTA
1029	BUTLER	29013	MISSOURI
1030	CARTERVILLE	29097	MISSOURI
1031	CHARLESTON	29133	MISSOURI
1032	LOUISIANA	29163	MISSOURI
1033	MARYVILLE	29147	MISSOURI
1034	STANBERRY	29075	MISSOURI
1035	WEBB CITY	29097	MISSOURI
1036	WEST PLAINS	29091	MISSOURI
1037	BLAIR	31177	NEBRASKA
1038	COLUMBUS	31141	NEBRASKA
1039	SUPERIOR	31129	NEBRASKA
1040	YORK	31185	NEBRASKA
1041	PRINCETON	34021	NEW JERSEY
1042	BALLSTON SPA	36091	NEW YORK
1043	CORTLAND	36023	NEW YORK
1044	NORWICH	36017	NEW YORK
1045	NYACK	36087	NEW YORK
1046	RICHFIELD SPRINGS	36077	NEW YORK
1047	OXFORD	37077	NORTH CAROLINA
1048	TARBORO	37065	NORTH CAROLINA
1049	BELLEFONTAINE	39091	OHIO
1050	CONNEAUT	39007	OHIO
1051	GALLIPOLIS	39053	OHIO
1052	GREENVILLE	39037	OHIO
1053	IRONTON	39087	OHIO
1054	KENTON	39065	OHIO
1055	LANCASTER	39045	OHIO
1056	LONDON	39097	OHIO
1057	MIDDLETOWN	39017	OHIO
1058	NILES	39155	OHIO
1059	SALEM	39029	OHIO
1060	SIDNEY	39149	OHIO
1061	TORONTO	39081	OHIO
1062	GUTHRIE	40083	OKLAHOMA
1063	EUGENE	41039	OREGON
1064	JEANNETTE	42129	PENNSYLVANIA
1065	LATROBE	42129	PENNSYLVANIA
1066	MIDDLETOWN	42095	PENNSYLVANIA
1067	NANTICOKE	42079	PENNSYLVANIA
1068	WESTERLY	44009	RHODE ISLAND
1069	HOT SPRINGS	46047	SOUTH DAKOTA
1070	MADISON	46079	SOUTH DAKOTA
1071	CLARKSVILLE	47125	TENNESSEE
1072	HARRIMAN	47145	TENNESSEE
1073	HUMBOLDT	47053	TENNESSEE
1074	JOHNSON CITY	47179	TENNESSEE
1075	ENNIS	48139	TEXAS
1076	GREENVILLE	48231	TEXAS
1077	MARSHALL	48203	TEXAS
1078	VELASCO	48039	TEXAS
1079	PARK CITY	49043	UTAH
1080	BERKLEY	 	VIRGINIA
1081	RADFORD	51750	VIRGINIA
1082	SUFFOLK	51800	VIRGINIA
1083	FAIRHAVEN	53073	WASHINGTON
1084	PORT ANGELES	53009	WASHINGTON
1085	SNOHOMISH	53061	WASHINGTON
1086	SPRAGUE	53043	WASHINGTON
1087	KENOSHA	55059	WISCONSIN
1088	SUPERIOR	55031	WISCONSIN
1089	TROY	1109	ALABAMA
1090	ARGENTA	5119	ARKANSAS
1091	CONWAY	5045	ARKANSAS
1092	FAYETTEVILLE	5143	ARKANSAS
1093	HOPE	5057	ARKANSAS
1094	SILOAM SPRINGS	5007	ARKANSAS
1095	STUTTGART	5001	ARKANSAS
1096	VAN BUREN	5033	ARKANSAS
1097	WALNUT RIDGE	5075	ARKANSAS
1098	HANFORD	6031	CALIFORNIA
1099	MADERA	6039	CALIFORNIA
1100	REDLANDS	6071	CALIFORNIA
1101	STANFORD UNIVERSITY	6085	CALIFORNIA
1102	WATSONVILLE	6087	CALIFORNIA
1103	CRIPPLE CREEK	8119	COLORADO
1104	DEL NORTE	8105	COLORADO
1105	FLORENCE	8043	COLORADO
1106	TELLURIDE	8113	COLORADO
1107	DERBY	9009	CONNECTICUT
1108	NAUGATUCK	9009	CONNECTICUT
1109	OCALA	12083	FLORIDA
1110	VALDOSTA	13185	GEORGIA
1111	WAYCROSS	13299	GEORGIA
1112	BEARDSTOWN	17017	ILLINOIS
1113	BELVIDERE	17007	ILLINOIS
1114	GREENFIELD	17061	ILLINOIS
1115	KEWANEE	17073	ILLINOIS
1116	MOUND CITY	17153	ILLINOIS
1117	RUSHVILLE	17169	ILLINOIS
1118	SAVANNA	17015	ILLINOIS
1119	AUBURN	18033	INDIANA
1120	DECATUR	18001	INDIANA
1121	DUNKIRK	18075	INDIANA
1122	GAS CITY	18053	INDIANA
1123	GREENCASTLE	18133	INDIANA
1124	GREENFIELD	18059	INDIANA
1125	GREENSBURG	18031	INDIANA
1126	HARTFORD CITY	18009	INDIANA
1127	PLYMOUTH	18099	INDIANA
1128	TIPTON	18159	INDIANA
1129	CENTERVILLE	19007	IOWA
1130	CHARLES CITY	19067	IOWA
1131	EAGLE GROVE	19197	IOWA
1132	PERRY	19049	IOWA
1133	WASHINGTON	19183	IOWA
1134	BURLINGTON	20031	KANSAS
1135	CHANUTE	20133	KANSAS
1136	COLUMBUS	20021	KANSAS
1137	GIRARD	20037	KANSAS
1138	WEIR	20021	KANSAS
1139	LAKE CHARLES	22019	LOUISIANA
1140	MONROE	22073	LOUISIANA
1141	ROCKLAND	23013	MAINE
1142	CLINTON	25027	MASSACHUSETTS
1143	NORTH ADAMS	25003	MASSACHUSETTS
1144	WAKEFIELD	25017	MASSACHUSETTS
1145	ESCANABA	26041	MICHIGAN
1146	MENOMINEE	26109	MICHIGAN
1147	OWOSSO	26155	MICHIGAN
1148	THREE RIVERS	26149	MICHIGAN
1149	FAYETTE	29089	MISSOURI
1150	RICHMOND	29177	MISSOURI
1151	WASHINGTON	29071	MISSOURI
1152	BILLINGS	30111	MONTANA
1153	PAWNEE CITY	31133	NEBRASKA
1154	DOVER	34027	NEW JERSEY
1155	OCEAN CITY	34009	NEW JERSEY
1156	GENEVA	36069	NEW YORK
1157	SALAMANCA	36009	NEW YORK
1158	WASHINGTON	37013	NORTH CAROLINA
1159	WINSTON	 	NORTH DAKOTA
1160	DELPHOS	39003	OHIO
1161	LORAIN	39093	OHIO
1162	MARIETTA	39167	OHIO
1163	EL RENO	40017	OKLAHOMA
1164	ENID	40047	OKLAHOMA
1165	PERRY	40103	OKLAHOMA
1166	BANGOR	42095	PENNSYLVANIA
1167	BLAIRSVILLE	42063	PENNSYLVANIA
1168	CANONSBURG	42125	PENNSYLVANIA
1169	HANOVER	42133	PENNSYLVANIA
1170	KANE	42083	PENNSYLVANIA
1171	PLYMOUTH	42079	PENNSYLVANIA
1172	FLORENCE	45041	SOUTH CAROLINA
1173	SUMTER	45085	SOUTH CAROLINA
1174	SOUTH PITTSBURG	47115	TENNESSEE
1175	BONHAM	48147	TEXAS
1176	BOWIE	48337	TEXAS
1177	CLEBURNE	48251	TEXAS
1178	CUERO	48123	TEXAS
1179	HILLSBORO	48217	TEXAS
1180	MINERAL WELLS	48363	TEXAS
1181	ROCKDALE	48331	TEXAS
1182	TERRELL	48257	TEXAS
1183	WAXAHACHIE	48139	TEXAS
1184	YOAKUM	48285	TEXAS
1185	CHARLOTTESVILLE	51540	VIRGINIA
1186	FREDERICKSBURG	51630	VIRGINIA
1187	HARRISONBURG	51660	VIRGINIA
1188	BLUEFIELD	54055	WEST VIRGINIA
1189	POINT PLEASANT	54053	WEST VIRGINIA
1190	BARABOO	55111	WISCONSIN
1191	MARINETTE	55075	WISCONSIN
1192	SHERIDAN	56033	WYOMING
1193	JUNEAU	2110	ALASKA
1194	SKAGWAY	2231	ALASKA
1195	BISBEE	4003	ARIZONA
1196	BRINKLEY	5095	ARKANSAS
1197	JONESBORO	5031	ARKANSAS
1198	MENA	5113	ARKANSAS
1199	PLACERVILLE	6017	CALIFORNIA
1200	REDDING	6089	CALIFORNIA
1201	GOLDFIELD	 	COLORADO
1202	STERLING	8075	COLORADO
1203	CORDELE	13081	GEORGIA
1204	HONOLULU	15003	HAWAII
1205	GRANGEVILLE	16049	IDAHO
1206	CLINTON	17039	ILLINOIS
1207	EFFINGHAM	17049	ILLINOIS
1208	GENESEO	17073	ILLINOIS
1209	MARION	17199	ILLINOIS
1210	NEWTON	17079	ILLINOIS
1211	OAKLAND	17029	ILLINOIS
1212	PAXTON	17053	ILLINOIS
1213	PONTIAC	17105	ILLINOIS
1214	ALEXANDRIA	18095	INDIANA
1215	ATTICA	18045	INDIANA
1216	DELPHI	18015	INDIANA
1217	HOPE	18005	INDIANA
1218	MONTICELLO	18181	INDIANA
1219	NORTH VERNON	18079	INDIANA
1220	RENSSELAER	18073	INDIANA
1221	SALEM	18175	INDIANA
1222	OSCEOLA	19039	IOWA
1223	GALENA	20021	KANSAS
1224	IOLA	20001	KANSAS
1225	CATLETTSBURG	21019	KENTUCKY
1226	FULTON	21075	KENTUCKY
1227	ALGIERS	22071	LOUISIANA
1228	CROWLEY	22001	LOUISIANA
1229	JENNINGS	22053	LOUISIANA
1230	WATERVILLE	23011	MAINE
1231	CAMBRIDGE	24019	MARYLAND
1232	GARDNER	25027	MASSACHUSETTS
1233	MELROSE	25017	MASSACHUSETTS
1234	HOLLAND	26139	MICHIGAN
1235	HOUGHTON	26061	MICHIGAN
1236	MOUNT CLEMENS	26099	MICHIGAN
1237	SOUTH HAVEN	26159	MICHIGAN
1238	ALBERT LEA	27047	MINNESOTA
1239	EAST GRAND FORKS	27119	MINNESOTA
1240	CORINTH	28003	MISSISSIPPI
1241	NEW ALBANY	28145	MISSISSIPPI
1242	MEMPHIS	29199	MISSOURI
1243	POPLAR BLUFF	29023	MISSOURI
1244	NORTH PLATTE	31111	NEBRASKA
1245	EXETER	33015	NEW HAMPSHIRE
1246	MILFORD	33011	NEW HAMPSHIRE
1247	WOODBURY	34015	NEW JERSEY
1248	PORT CHESTER	36119	NEW YORK
1249	FAYETTEVILLE	37051	NORTH CAROLINA
1250	KINSTON	37107	NORTH CAROLINA
1251	WILSON	37195	NORTH CAROLINA
1252	BELLEVUE	39143	OHIO
1253	COSHOCTON	39031	OHIO
1254	GREENFIELD	39071	OHIO
1255	LISBON	39029	OHIO
1256	RIPLEY	39015	OHIO
1257	PONCA CITY	40071	OKLAHOMA
1258	SHAWNEE	40125	OKLAHOMA
1259	LA GRANDE	41061	OREGON
1260	ROSEBURG	41019	OREGON
1261	GREENVILLE	42085	PENNSYLVANIA
1262	MECHANICSBURG	42041	PENNSYLVANIA
1263	MOUNT PLEASANT	42129	PENNSYLVANIA
1264	RIDGWAY	42047	PENNSYLVANIA
1265	SCOTTDALE	42129	PENNSYLVANIA
1266	WAYNESBORO	42055	PENNSYLVANIA
1267	ARCTIC	44003	RHODE ISLAND
1268	ANDERSON	45007	SOUTH CAROLINA
1269	BEAUMONT	48245	TEXAS
1270	CAMERON	48331	TEXAS
1271	COLORADO	48335	TEXAS
1272	DENTON	48121	TEXAS
1273	GONZALES	48177	TEXAS
1274	MCKINNEY	48085	TEXAS
1275	NAPLES	48343	TEXAS
1276	NAVASOTA	48185	TEXAS
1277	VICTORIA	48469	TEXAS
1278	WEATHERFORD	48367	TEXAS
1279	READSBORO	50025	VERMONT
1280	WINCHESTER	51840	VIRGINIA
1281	EVERETT	53061	WASHINGTON
1282	MORGANTOWN	54061	WEST VIRGINIA
1283	MOUNDSVILLE	54051	WEST VIRGINIA
1284	SISTERSVILLE	54095	WEST VIRGINIA
1285	WELLSBURG	54009	WEST VIRGINIA
1286	WATERTOWN	55055	WISCONSIN
1287	GADSDEN	1055	ALABAMA
1288	DOUGLAS	4003	ARIZONA
1289	LONG BEACH	6037	CALIFORNIA
1290	SAN PEDRO	6037	CALIFORNIA
1291	MANITOU	8041	COLORADO
1292	TALLAHASSEE	12073	FLORIDA
1293	CAMILLA	13205	GEORGIA
1294	POCATELLO	16005	IDAHO
1295	METROPOLLS CITY	17127	ILLINOIS
1296	MOUNT STERLING	17009	ILLINOIS
1297	NATIONAL STOCK YARDS	17163	ILLINOIS
1298	FAIRMOUNT	18053	INDIANA
1299	KNIGHTSTOWN	18065	INDIANA
1300	LINTON	18055	INDIANA
1301	RECORD	 	INDIANA
1302	ELDORA	19083	IOWA
1303	NEWTON	19099	IOWA
1304	SHELDON	19141	IOWA
1305	BELOIT	20123	KANSAS
1306	GARNETT	20003	KANSAS
1307	NEODESHA	20205	KANSAS
1308	MURRAY	21035	KENTUCKY
1309	RUMFORD FALLS	23017	MAINE
1310	CADILLAC	26165	MICHIGAN
1311	HANCOCK	26061	MICHIGAN
1312	FAIRMONT	27091	MINNESOTA
1313	OWATONNA	27147	MINNESOTA
1314	WORTHINGTON	27105	MINNESOTA
1315	COLUMBIA	29019	MISSOURI
1316	KIRKSVILLE	29001	MISSOURI
1317	MONETT	29009	MISSOURI
1318	STROMSBURG	31143	NEBRASKA
1319	BRETTON WOODS	 	NEW HAMPSHIRE
1320	BAYONNE	34017	NEW JERSEY
1321	LONG BRANCH	34025	NEW JERSEY
1322	EAST BUFFALO	36029	NEW YORK
1323	FAR ROCKAWAY	36059	NEW YORK
1324	JAMAICA	36047	NEW YORK
1325	MIDDLEPORT	36063	NEW YORK
1326	OSSINING	36119	NEW YORK
1327	PEEKSKILL	36119	NEW YORK
1328	SANDY HILL	36115	NEW YORK
1329	DUNN	37085	NORTH CAROLINA
1330	HENDERSONVILLE	37089	NORTH CAROLINA
1331	MINOT	38101	NORTH DAKOTA
1332	ASHLAND	39005	OHIO
1333	ELYRIA	39093	OHIO
1334	GENEVA	39007	OHIO
1335	MARYSVILLE	39159	OHIO
1336	SHELBY	39139	OHIO
1337	WELLSTON	39079	OHIO
1338	ALVA	40151	OKLAHOMA
1339	ANADARKO	40015	OKLAHOMA
1340	BLACKWELL	40071	OKLAHOMA
1341	CHANDLER	40081	OKLAHOMA
1342	HENNESSEY	40073	OKLAHOMA
1343	KINGFISHER	40073	OKLAHOMA
1344	LAWTON	40031	OKLAHOMA
1345	NEWKIRK	40071	OKLAHOMA
1346	PONDCREEK	40053	OKLAHOMA
1347	SNYDER	40075	OKLAHOMA
1348	STILLWATER	40119	OKLAHOMA
1349	SUMPTER	41001	OREGON
1350	COATESVILLE	42029	PENNSYLVANIA
1351	ELLWOOD CITY	42073	PENNSYLVANIA
1352	GETTYSBURG	42001	PENNSYLVANIA
1353	WAYNESBURG	42059	PENNSYLVANIA
1354	AMARILLO	48375	TEXAS
1355	BROWNWOOD	48049	TEXAS
1356	CLARKSVILLE	48387	TEXAS
1357	EL CAMPO	48481	TEXAS
1358	GRANBURY	48221	TEXAS
1359	KAUFMAN	48257	TEXAS
1360	LOCKHART	48055	TEXAS
1361	MARLIN	48145	TEXAS
1362	MINEOLA	48499	TEXAS
1363	NACOGDOCHES	48347	TEXAS
1364	PORT ARTHUR	48245	TEXAS
1365	QUANAH	48197	TEXAS
1366	SULPHUR SPRINGS	48223	TEXAS
1367	TAYLOR	48491	TEXAS
1368	ABERDEEN	53027	WASHINGTON
1369	HOQUIAM	53027	WASHINGTON
1370	GRAFTON	54091	WEST VIRGINIA
1371	HINTON	54089	WEST VIRGINIA
1372	KEYSTONE	54047	WEST VIRGINIA
1373	MANNINGTON	54049	WEST VIRGINIA
1374	MONTGOMERY	54019	WEST VIRGINIA
1375	NEW MARTINSVILLE	54103	WEST VIRGINIA
1376	WILLIAMSON	54059	WEST VIRGINIA
1377	DOTHAN	1069	ALABAMA
1378	FAIRBANKS	2090	ALASKA
1379	KETCHIKAN	2130	ALASKA
1380	NOME	2180	ALASKA
1381	SEWARD	2122	ALASKA
1382	VALDEZ	2261	ALASKA
1383	GLOBE	4007	ARIZONA
1384	YUMA	4027	ARIZONA
1385	BATESVILLE	5063	ARKANSAS
1386	PRESCOTT	5099	ARKANSAS
1387	GRIDLEY	6007	CALIFORNIA
1388	LODI	6077	CALIFORNIA
1389	MONTEREY	6053	CALIFORNIA
1390	PACIFIC GROVE	6053	CALIFORNIA
1391	SONORA	6109	CALIFORNIA
1392	WHITTIER	6037	CALIFORNIA
1393	CANON CITY	8043	COLORADO
1394	LOVELAND	8069	COLORADO
1395	LIVE OAK	12121	FLORIDA
1396	FITZGERALD	13017	GEORGIA
1397	MOULTRIE	13071	GEORGIA
1398	IDAHO FALLS	16019	IDAHO
1399	WALLACE	16079	IDAHO
1400	EDWARDSVILLE	17119	ILLINOIS
1401	SULLIVAN	18153	INDIANA
1402	OELWEIN	19065	IOWA
1403	AUGUSTA	20015	KANSAS
1404	CLYDE	20029	KANSAS
1406	FRANKFORT	20117	KANSAS
1407	FREDONIA	20205	KANSAS
1408	NORTON	20137	KANSAS
1409	BENTON	22015	LOUISIANA
1410	HAMMOND	22105	LOUISIANA
1411	NEW IBERIA	22045	LOUISIANA
1412	RUSTON	22061	LOUISIANA
1414	STONEHAM	25017	MASSACHUSETTS
1415	ALBION	26025	MICHIGAN
1417	WEST POINT	28025	MISSISSIPPI
1418	LEXINGTON	29107	MISSOURI
1419	HOLDREGE	31137	NEBRASKA
1420	GOLDFIELD	 	NEVADA
1421	ROSWELL	35005	NEW MEXICO
1422	MALONE	36033	NEW YORK
1423	WHITE PLAINS	36119	NEW YORK
1424	GRAHAM	37001	NORTH CAROLINA
1425	WILLISTON	38105	NORTH DAKOTA
1426	ATHENS	39009	OHIO
1427	CELINA	39107	OHIO
1432	MCCONNELSVILLE	39115	OHIO
1433	MECHANICSBURG	39021	OHIO
1434	MIAMISBURG	39113	OHIO
1435	WAPAKONETA	39011	OHIO
1437	ADA	40123	OKLAHOMA
1438	ARDMORE	40019	OKLAHOMA
1439	BARTLESVILLE	40147	OKLAHOMA
1440	CHICKASHA	40051	OKLAHOMA
1441	COMANCHE	40137	OKLAHOMA
1442	DURANT	40013	OKLAHOMA
1443	HOBART	40075	OKLAHOMA
1444	MCALESTER	40121	OKLAHOMA
1445	MIAMI	40115	OKLAHOMA
1446	MUSKOGEE	40101	OKLAHOMA
1447	OKMULGEE	40111	OKLAHOMA
1448	SAPULPA	40037	OKLAHOMA
1449	TULSA	40143	OKLAHOMA
1450	VINITA	40035	OKLAHOMA
1451	WAGONER	40145	OKLAHOMA
1452	KLAMATH FALLS	41035	OREGON
1453	MEDFORD	41029	OREGON
1455	INDIANA	42063	PENNSYLVANIA
1456	LEWISTOWN	42087	PENNSYLVANIA
1457	PUNXSUTAWNEY	42065	PENNSYLVANIA
1458	GEORGETOWN	45043	SOUTH CAROLINA
1459	ORANGEBURG	45075	SOUTH CAROLINA
1460	ATHENS	48213	TEXAS
1461	BALLINGER	48399	TEXAS
1462	COLEMAN	48083	TEXAS
1463	HAMLIN	48253	TEXAS
1464	LUFKIN	48005	TEXAS
1465	MERKEL	48441	TEXAS
1466	SAN ANGELO	48451	TEXAS
1467	TIMPSON	48419	TEXAS
1468	WICHITA FALLS	48485	TEXAS
1469	BLAINE	53073	WASHINGTON
1470	NORTH YAKIMA	53077	WASHINGTON
1472	ELKINS	54083	WEST VIRGINIA
1473	ANTIGO	55067	WISCONSIN
1474	STOUGHTON	55025	WISCONSIN
1475	LOGAN	39073	OHIO
1476	BESSEMER	1073	ALABAMA
1477	CORDOVA	2261	ALASKA
1478	BENTONVILLE	5007	ARKANSAS
1479	DE QUEEN	5133	ARKANSAS
1480	RUSSELLVILLE	5115	ARKANSAS
1481	CALEXICO	6025	CALIFORNIA
1482	COALINGA	6019	CALIFORNIA
1483	HOLLISTER	6069	CALIFORNIA
1484	MONROVIA	6037	CALIFORNIA
1485	OXNARD	6111	CALIFORNIA
1486	TURLOCK	6099	CALIFORNIA
1487	GREELEY	8123	COLORADO
1488	LAMAR	8099	COLORADO
1489	MONTROSE	8085	COLORADO
1490	STEAMBOAT SPRINGS	8107	COLORADO
1491	LAKELAND	12105	FLORIDA
1492	DALTON	13313	GEORGIA
1493	HILO	15001	HAWAII
1495	EVANSTON	17031	ILLINOIS
1496	GRANITE CITY	17119	ILLINOIS
1497	GARY	18089	INDIANA
1498	CANEY	20125	KANSAS
1499	HUMBOLDT	20001	KANSAS
1500	MANHATTAN	20161	KANSAS
1501	WINCHESTER	21049	KENTUCKY
1502	BOYNE CITY	26029	MICHIGAN
1503	HILLSDALE	26059	MICHIGAN
1504	HIBBING	27137	MINNESOTA
1505	CLARKSDALE	28027	MISSISSIPPI
1506	KALISPELL	30029	MONTANA
1507	LEWISTOWN	30027	MONTANA
1508	FAIRBURY	31095	NEBRASKA
1509	FALLS CITY	31147	NEBRASKA
1510	ORANGE	34013	NEW JERSEY
1511	RAHWAY	34039	NEW JERSEY
1512	CANANDAIGUA	36069	NEW YORK
1513	CHAUTAUQUA	36013	NEW YORK
1514	COOPERSTOWN	36077	NEW YORK
1515	DANSVILLE	36051	NEW YORK
1517	NEW ROCHELLE	36119	NEW YORK
1518	ROCKY MOUNT	37127	NORTH CAROLINA
1519	ALTUS	40065	OKLAHOMA
1520	CLAREMORE	40131	OKLAHOMA
1521	HUGO	40023	OKLAHOMA
1522	MANGUM	40055	OKLAHOMA
1523	NOWATA	40105	OKLAHOMA
1525	OREGON CITY	41005	OREGON
1528	SISSETON	46109	SOUTH DAKOTA
1529	FAYETTEVILLE	47103	TENNESSEE
1530	MOUNT PLEASANT	47119	TENNESSEE
1531	BRADY	48307	TEXAS
1532	JACKSONVILLE	48073	TEXAS
1533	LONGVIEW	48183	TEXAS
1534	PECOS	48389	TEXAS
1535	SWEETWATER	48353	TEXAS
1536	TEAGUE	48161	TEXAS
1537	PULASKI	51155	VIRGINIA
1538	VANCOUVER	53011	WASHINGTON
1539	GRANTS PASS	41033	OREGON
1540	BENNINGTON	 	WASHINGTON
1541	ENTERPRISE	1031	ALABAMA
1542	MIAMI	4007	ARIZONA
1544	FORREST CITY	5123	ARKANSAS
1545	HARRISON	5009	ARKANSAS
1546	ALHAMBRA	6037	CALIFORNIA
1547	ANAHEIM	6059	CALIFORNIA
1548	AUBURN	6061	CALIFORNIA
1550	CORONA	6065	CALIFORNIA
1551	FULLERTON	6059	CALIFORNIA
1552	HOLTVILLE	6025	CALIFORNIA
1553	SAN MATEO	6081	CALIFORNIA
1554	SOUTH PASADENA	6037	CALIFORNIA
1555	TAFT	6029	CALIFORNIA
1556	LIMON	8073	COLORADO
1557	ARCADIA	12027	FLORIDA
1558	TARPON SPRINGS	12103	FLORIDA
1559	DUBLIN	13175	GEORGIA
1560	TIFTON	13277	GEORGIA
1561	HARRISBURG	17165	ILLINOIS
1562	CLINTON	18165	INDIANA
1563	SCOTTSBURG	18143	INDIANA
1564	DODGE CITY	20057	KANSAS
1565	ERIE	20133	KANSAS
1566	LAFAYETTE	22055	LOUISIANA
1568	FRAMINGHAM	25017	MASSACHUSETTS
1569	CHEBOYGAN	26031	MICHIGAN
1570	LAURIUM	26061	MICHIGAN
1571	MONROE	26115	MICHIGAN
1572	STURGIS	26149	MICHIGAN
1573	MONTEVIDEO	27023	MINNESOTA
1574	NORTHFIELD	27131	MINNESOTA
1575	VIRGINIA	27137	MINNESOTA
1576	LAUREL	28067	MISSISSIPPI
1578	BROOKFIELD	29115	MISSOURI
1579	GALT	29079	MISSOURI
1580	MACON	29121	MISSOURI
1583	BOZEMAN	30031	MONTANA
1584	HAVRE	30041	MONTANA
1585	CLAREMONT	33019	NEW HAMPSHIRE
1586	NORTH TONAWANDA	36063	NEW YORK
1587	HENDERSON	37181	NORTH CAROLINA
1588	HICKORY	37035	NORTH CAROLINA
1589	BRIDGEPORT	39013	OHIO
1591	EAST PALESTINE	39029	OHIO
1592	WESTERVILLE	39049	OHIO
1593	WILMINGTON	39027	OHIO
1594	CUSHING	40119	OKLAHOMA
1595	DRUMRIGHT	40037	OKLAHOMA
1596	SALLISAW	40135	OKLAHOMA
1597	STIGLER	40061	OKLAHOMA
1598	TAHLEQUAH	40021	OKLAHOMA
1599	YALE	40119	OKLAHOMA
1600	HILLSBORO	41067	OREGON
1601	BROWNSVILLE	42051	PENNSYLVANIA
1602	NATRONA	42003	PENNSYLVANIA
1605	ROCK HILL	45091	SOUTH CAROLINA
1606	CENTER	48419	TEXAS
1607	COMMERCE	48231	TEXAS
1608	MART	48309	TEXAS
1609	TEXAS CITY	48167	TEXAS
1610	BRATTLEBORO	50025	VERMONT
1616	HOPEWELL	51670	VIRGINIA
1617	KEYSER	54057	WEST VIRGINIA
1618	CASPER	56025	WYOMING
1619	MARIANA	5077	ARKANSAS
1620	BRAWLEY	6025	CALIFORNIA
1621	ANCHORAGE	2020	ALASKA
1622	FLAGSTAFF	4005	ARIZONA
1623	JEROME	4025	ARIZONA
1624	ARKADELPHIA	5019	ARKANSAS
1625	MALVERN	5059	ARKANSAS
1626	CORNING	6103	CALIFORNIA
1627	DINUBA	6107	CALIFORNIA
1628	GLENDALE	6037	CALIFORNIA
1630	SANTA MARIA	6083	CALIFORNIA
1631	BRISTOL	9003	CONNECTICUT
1633	WAILUKU	15009	HAWAII
1634	BLACKFOOT	16011	IDAHO
1635	TWIN FALLS	16083	IDAHO
1636	ROBINSON	17033	ILLINOIS
1637	BICKNELL	18083	INDIANA
1638	AMES	19169	IOWA
1639	BAXTER SPRINGS	20021	KANSAS
1640	KIOWA	20007	KANSAS
1641	PRATT	20151	KANSAS
1642	RICHMOND	21151	KENTUCKY
1643	MORGAN CITY	22101	LOUISIANA
1644	ALGONAC	26147	MICHIGAN
1645	GREENWOOD	28083	MISSISSIPPI
1646	LACKAWANNA	36029	NEW YORK
1647	STATEN ISLAND	36047	NEW YORK
1648	GASTONIA	37071	NORTH CAROLINA
1649	LEAKSVILLE	37157	NORTH CAROLINA
1650	SCOTLAND NECK	37083	NORTH CAROLINA
1651	NEW ROCKFORD	38027	NORTH DAKOTA
1652	COLLINSVILLE	40143	OKLAHOMA
1653	FREDERICK	40141	OKLAHOMA
1654	HASKELL	40101	OKLAHOMA
1655	HENRYETTA	40111	OKLAHOMA
1656	IDABEL	40089	OKLAHOMA
1657	NORMAN	40027	OKLAHOMA
1658	PAWHUSKA	40113	OKLAHOMA
1659	PRYOR	40097	OKLAHOMA
1660	SHAMROCK	40037	OKLAHOMA
1661	ASHLAND	41029	OREGON
1662	BEND	41017	OREGON
1664	UNION	45087	SOUTH CAROLINA
1665	MORRISTOWN	47063	TENNESSEE
1666	GILMER	48459	TEXAS
1667	MCALLEN	48215	TEXAS
1668	RANGER	48133	TEXAS
1669	SAN BENITO	48061	TEXAS
1670	LOGAN	49005	UTAH
1671	HOT SPRINGS	51560	VIRGINIA
1672	YAKIMA	53077	WASHINGTON
1673	RHINELANDER	55085	WISCONSIN
1674	WAUKESHA	55133	WISCONSIN
1675	LANDER	56013	WYOMING
1676	ROCK SPRINGS	56037	WYOMING
1677	TRINIDAD	 	CONNECTICUT
1678	WALLACE	17099	ILLINOIS
1679	HUSTON	 	MAINE
1680	ANDALUSIA	1039	ALABAMA
1681	BLYTHEVILLE	5093	ARKANSAS
1682	EL DORADO	5139	ARKANSAS
1683	HEALDSBURG	6097	CALIFORNIA
1684	HOLLYWOOD	6037	CALIFORNIA
1685	INGLEWOOD	6037	CALIFORNIA
1686	PASO ROBLES	6079	CALIFORNIA
1687	RIPLEY	6065	CALIFORNIA
1688	SAWTELLE	6037	CALIFORNIA
1689	WILMINGTON	6037	CALIFORNIA
1690	EUSTIS	12069	FLORIDA
1691	BENTON	17055	ILLINOIS
1692	LAWRENCEVILLE	17101	ILLINOIS
1695	WEST FRANKFORT	17055	ILLINOIS
1696	WOODSTOCK	17111	ILLINOIS
1702	SHENANDOAH	19145	IOWA
1703	VINTON	19011	IOWA
1705	CALDWELL	20191	KANSAS
1707	AYER	25017	MASSACHUSETTS
1708	GREENFIELD	25011	MASSACHUSETTS
1709	IRON RIVER	26071	MICHIGAN
1713	BURLINGTON	37001	NORTH CAROLINA
1714	EDENTON	37041	NORTH CAROLINA
1715	STATESVILLE	37097	NORTH CAROLINA
1716	BRISTOW	40037	OKLAHOMA
1717	DUNCAN	40137	OKLAHOMA
1718	HEALDTON	40019	OKLAHOMA
1719	HOLDENVILLE	40063	OKLAHOMA
1720	WILSON	40019	OKLAHOMA
1721	WOODWARD	40153	OKLAHOMA
1722	COALDALE	42107	PENNSYLVANIA
1723	LANSFORD	42025	PENNSYLVANIA
1724	ABBEVILLE	45001	SOUTH CAROLINA
1725	CLEVELAND	47011	TENNESSEE
1726	BRECKENRIDGE	48429	TEXAS
1727	CISCO	48133	TEXAS
1728	EASTLAND	48133	TEXAS
1729	LUBBOCK	48303	TEXAS
1730	NORTON	51720	VIRGINIA
1731	BREMERTON	53035	WASHINGTON
1732	WELCH	54047	WEST VIRGINIA
1733	MARSHFIELD	55141	WISCONSIN
1734	WISCONSIN RAPIDS	55141	WISCONSIN
1735	DELAND	12127	FLORIDA
1736	HERALD	 	GEORGIA
1737	FRANKFORT	 	MASSACHUSETTS
1738	CHISHOLM	27137	MINNESOTA
1739	WINSLOW	4017	ARIZONA
1740	WYNNE	5037	ARKANSAS
1741	BURBANK	6037	CALIFORNIA
1742	BURLINGAME	6081	CALIFORNIA
1744	GILROY	6085	CALIFORNIA
1745	HAYWARD	6001	CALIFORNIA
1746	SANTA PAULA	6111	CALIFORNIA
1748	AVON PARK	12055	FLORIDA
1749	BARTOW	12105	FLORIDA
1750	HAINES CITY	12105	FLORIDA
1751	LAKE WORTH	12099	FLORIDA
1752	LEESBURG	12069	FLORIDA
1753	PALM BEACH	12099	FLORIDA
1756	SARASOTA	12115	FLORIDA
1757	STUART	12085	FLORIDA
1758	WINTER HAVEN	12105	FLORIDA
1759	KELLOGG	16079	IDAHO
1761	CALUMET CITY	17031	ILLINOIS
1763	GENEVA	17089	ILLINOIS
1767	SPENCER	18119	INDIANA
1768	SABETHA	20131	KANSAS
1769	SALISBURY	24045	MARYLAND
1770	EVERETT	25017	MASSACHUSETTS
1771	MEDFORD	25017	MASSACHUSETTS
1773	ROYAL OAK	26125	MICHIGAN
1783	DILLON	30001	MONTANA
1784	MCCOOK	31145	NEBRASKA
1786	MAMARONECK	36119	NEW YORK
1787	ONEIDA	36053	NEW YORK
1788	ROCKVILLE CENTRE	36059	NEW YORK
1789	SARANAC LAKE	36033	NEW YORK
1790	WHITEHALL	36115	NEW YORK
1791	COVINGTON	39109	OHIO
1793	CLINTON	40039	OKLAHOMA
1794	OKEMAH	40107	OKLAHOMA
1795	SEMINOLE	40133	OKLAHOMA
1796	WEWOKA	40133	OKLAHOMA
1799	VANDERGRIFT	42129	PENNSYLVANIA
1800	WEST WARWICK	44003	RHODE ISLAND
1802	ELIZABETHTON	47019	TENNESSEE
1803	KINGSPORT	47163	TENNESSEE
1804	MURFREESBORO	47149	TENNESSEE
1805	BORGER	48233	TEXAS
1806	CHILDRESS	48075	TEXAS
1807	EAGLE PASS	48323	TEXAS
1808	EDINBURG	48215	TEXAS
1809	MIDLAND	48329	TEXAS
1810	PAMPA	48179	TEXAS
1811	VERNON	48487	TEXAS
1812	WESLACO	48215	TEXAS
1816	ANACORTES	53057	WASHINGTON
1817	BECKLEY	54081	WEST VIRGINIA
1818	MOUNT HOPE	54019	WEST VIRGINIA
1819	PITTSBURG	6013	CALIFORNIA
1820	YREKA	6093	CALIFORNIA
1821	ALAMOSA	8003	COLORADO
1822	DELTA	8029	COLORADO
1823	COCONUT GROVE	12025	FLORIDA
1824	HIALEAH	12025	FLORIDA
1825	SANDPOINT	16017	IDAHO
1826	FLORA	17025	ILLINOIS
1827	BLOOMFIELD	18055	INDIANA
1828	CHEROKEE	19035	IOWA
1829	CLARINDA	19145	IOWA
1830	ESTHERVILLE	19063	IOWA
1831	NEVADA	19169	IOWA
1832	HAYS	20051	KANSAS
1833	LIBERAL	20175	KANSAS
1834	GLASGOW	21009	KENTUCKY
1835	HARLAN	21095	KENTUCKY
1836	SOMERVILLE	25017	MASSACHUSETTS
1837	WYANDOTTE	26163	MICHIGAN
1838	WILLMAR	27067	MINNESOTA
1839	LAS VEGAS	32003	NEVADA
1840	LAKEWOOD	34029	NEW JERSEY
1841	CARLSBAD	35015	NEW MEXICO
1842	CLOVIS	35009	NEW MEXICO
1843	GALLUP	35031	NEW MEXICO
1844	HERTFORD	37143	NORTH CAROLINA
1845	PINEHURST	37125	NORTH CAROLINA
1846	MANCHESTER	39001	OHIO
1847	ELK CITY	40009	OKLAHOMA
1848	MAUD	40125	OKLAHOMA
1849	ARDMORE	42091	PENNSYLVANIA
1850	LANSDALE	42091	PENNSYLVANIA
1851	SOMERSET	42111	PENNSYLVANIA
1852	ATHENS	47107	TENNESSEE
1853	DYERSBURG	47045	TENNESSEE
1854	PARIS	47079	TENNESSEE
1855	TRENTON	47053	TENNESSEE
1856	UNION CITY	47131	TENNESSEE
1857	DEL RIO	48465	TEXAS
1858	GOOSE CREEK	48201	TEXAS
1859	HARLINGEN	48061	TEXAS
1860	HENDERSON	48401	TEXAS
1861	KILGORE	48183	TEXAS
1862	PLAINVIEW	48189	TEXAS
1863	BRIGHAM CITY	49003	UTAH
1864	WAYNESBORO	51820	VIRGINIA
1865	WEIRTON	54029	WEST VIRGINIA
1866	GILLETTE	56005	WYOMING
1867	THERMOPOLIS	56017	WYOMING
1868	POCAHONTAS	5121	ARKANSAS
1869	ARCADIA	6037	CALIFORNIA
1870	SUSANVILLE	6035	CALIFORNIA
1871	WALSENBURG	8055	COLORADO
1872	MARIANNA	12063	FLORIDA
1873	PANAMA CITY	12005	FLORIDA
1874	MARIETTA	13067	GEORGIA
1875	MILLEDGEVILLE	13009	GEORGIA
1876	BONNERS FERRY	16021	IDAHO
1877	WHEATON	17043	ILLINOIS
1878	WHITING	18089	INDIANA
1879	SPENCER	19041	IOWA
1880	GOODLAND	20181	KANSAS
1881	ST. JOHN	20185	KANSAS
1882	CORBIN	21235	KENTUCKY
1883	PIKEVILLE	21195	KENTUCKY
1884	ATHOL	25027	MASSACHUSETTS
1885	MARSHALL	27083	MINNESOTA
1886	GRENADA	28043	MISSISSIPPI
1887	OSCEOLA	29185	MISSOURI
1888	WHITEFISH	30029	MONTANA
1889	LAS CRUCES	35013	NEW MEXICO
1890	PORTALES	35041	NEW MEXICO
1891	TUCUMCARI	35037	NEW MEXICO
1892	ELMHURST	36047	NEW YORK
1893	RIDGEWOOD	36047	NEW YORK
1894	SCARSDALE	36119	NEW YORK
1895	NEW LEXINGTON	39127	OHIO
1896	ST. PARIS	39021	OHIO
1897	GUYMON	40139	OKLAHOMA
1898	HOLLIS	40057	OKLAHOMA
1899	PAULS VALLEY	40049	OKLAHOMA
1900	SAYRE	40009	OKLAHOMA
1901	BURNS	41025	OREGON
1902	BELLE FOURCHE	46019	SOUTH DAKOTA
1903	PLATTE	46023	SOUTH DAKOTA
1904	REDFIELD	46115	SOUTH DAKOTA
1905	COOPER	48119	TEXAS
1906	DALHART	48111	TEXAS
1907	GLADEWATER	48183	TEXAS
1908	GRAHAM	48503	TEXAS
1909	MEMPHIS	48191	TEXAS
1910	SHAMROCK	48483	TEXAS
1911	MARTINSVILLE	51690	VIRGINIA
1912	STRASBURG	51171	VIRGINIA
1913	COULEE DAM	53047	WASHINGTON
1914	LOGAN	54045	WEST VIRGINIA
1915	SHAWANO	55115	WISCONSIN
1916	NEWCASTLE	56045	WYOMING
1917	MAGNOLIA	5027	ARKANSAS
1918	ANTIOCH	6013	CALIFORNIA
1919	ROSEVILLE	6061	CALIFORNIA
1920	ROCKY FORD	8089	COLORADO
1921	CASEY	17023	ILLINOIS
1922	WATSEKA	17075	ILLINOIS
1923	HOUMA	22109	LOUISIANA
1924	OPELOUSAS	22097	LOUISIANA
1925	NORWOOD	25021	MASSACHUSETTS
1926	MIDLAND	26111	MICHIGAN
1927	NEW ULM	27015	MINNESOTA
1928	HOBBS	35025	NEW MEXICO
1929	LUMBERTON	37155	NORTH CAROLINA
1930	MOREHEAD CITY	37031	NORTH CAROLINA
1931	SHELBY	37045	NORTH CAROLINA
1932	THOMASVILLE	37057	NORTH CAROLINA
1933	SULPHUR	40099	OKLAHOMA
1934	ODESSA	48135	TEXAS
1935	NEWPORT	50019	VERMONT
1936	RIVER FALLS	55093	WISCONSIN
1937	RAWLINS	56007	WYOMING
1938	WORLAND	56043	WYOMING
1939	HAZARD	21193	KENTUCKY
1940	PARIS	21017	KENTUCKY
1941	EAST LANSING	26065	MICHIGAN
1942	ROLLA	29161	MISSOURI
1943	BOULDER CITY	32003	NEVADA
1944	BRONX	36047	NEW YORK
1945	MONTICELLO	36105	NEW YORK
1946	DICKINSON	38089	NORTH DAKOTA
1947	NORTH HOLLYWOOD	6037	CALIFORNIA
1948	SAN BRUNO	6081	CALIFORNIA
1949	CORAL GABLES	12025	FLORIDA
1950	LAKE WALES	12105	FLORIDA
1951	CARTERSVILLE	13015	GEORGIA
1952	CEDARTOWN	13233	GEORGIA
1953	GAINESVILLE	13139	GEORGIA
1954	JASPER	18037	INDIANA
1955	RUSSELL	20167	KANSAS
1956	BOGALUSA	22117	LOUISIANA
1957	SIKESTON	29201	MISSOURI
1958	AHOSKIE	37091	NORTH CAROLINA
1959	LENOIR	37027	NORTH CAROLINA
1960	MILNOR	38081	NORTH DAKOTA
1961	ALICE	48249	TEXAS
1962	OAK HILL	54019	WEST VIRGINIA
1963	SITKA	2220	ALASKA
1964	LOS GATOS	6085	CALIFORNIA
1965	SAN LEANDRO	6001	CALIFORNIA
1966	MELBOURNE	12009	FLORIDA
1967	CARMI	17193	ILLINOIS
1968	INDIANOLA	28133	MISSISSIPPI
1969	FLAT RIVER	29187	MISSOURI
1970	HAMILTON	30081	MONTANA
1971	ALLIANCE	31013	NEBRASKA
1972	FARMINGTON	35045	NEW MEXICO
1973	BATH	36101	NEW YORK
1974	JACKSONVILLE	37133	NORTH CAROLINA
1975	LEXINGTON	37057	NORTH CAROLINA
1976	ROANOKE RAPIDS	37083	NORTH CAROLINA
1977	BRYAN	39171	OHIO
1978	HOOD RIVER	41027	OREGON
1979	BEDFORD	42009	PENNSYLVANIA
1980	OAK RIDGE	47001	TENNESSEE
1981	SHELBYVILLE	47003	TENNESSEE
1982	BAYTOWN	48201	TEXAS
1983	KERRVILLE	48265	TEXAS
1984	LAMESA	48115	TEXAS
1985	SNYDER	48415	TEXAS
1986	STEPHENVILLE	48143	TEXAS
1987	WEST MEMPHIS	5035	ARKANSAS
1988	BEVERLY HILLS	6037	CALIFORNIA
1989	CONCORD	6013	CALIFORNIA
1990	FONTANA	6071	CALIFORNIA
1991	SAN FERNANDO VALLEY	6037	CALIFORNIA
1992	UKIAH	6045	CALIFORNIA
1993	BASTROP	22067	LOUISIANA
1994	GLENDIVE	30021	MONTANA
1995	SOMERVILLE	34035	NEW JERSEY
1996	ALAMOGORDO	35035	NEW MEXICO
1997	ARTESIA	35015	NEW MEXICO
1998	SANFORD	37105	NORTH CAROLINA
1999	MCMINNVILLE	41071	OREGON
2000	QUAKERTOWN	42017	PENNSYLVANIA
2001	MYRTLE BEACH	45051	SOUTH CAROLINA
2002	CONROE	48339	TEXAS
2003	GARLAND	48113	TEXAS
2004	KILLEEN	48027	TEXAS
2005	LEVELLAND	48219	TEXAS
2006	EPHRATA	53025	WASHINGTON
2007	MOSES LAKE	53025	WASHINGTON
2008	NEW LONDON	55135	WISCONSIN
2009	AL TAHOE	6017	CALIFORNIA
2010	BARSTOW	6071	CALIFORNIA
2011	BOYES HOT SPRINGS	6097	CALIFORNIA
2012	GARDEN GROVE	6059	CALIFORNIA
2013	INDIO	6065	CALIFORNIA
2014	SANTA CLARA	6085	CALIFORNIA
2015	HOLLYWOOD	12011	FLORIDA
2016	BURLEY	16031	IDAHO
2017	BAD AXE	26063	MICHIGAN
2018	KENNETT	29069	MISSOURI
2019	SPARKS	32031	NEVADA
2020	LOVINGTON	35025	NEW MEXICO
2021	MORGANTON	37023	NORTH CAROLINA
2022	TRYON	37149	NORTH CAROLINA
2023	ARLINGTON	48439	TEXAS
2024	PASADENA	48201	TEXAS
2025	CULLMAN	1043	ALABAMA
2026	HALEYVILLE	1133	ALABAMA
2027	JASPER	1127	ALABAMA
2028	CAMARILLO	6111	CALIFORNIA
2029	EL CAJON	6073	CALIFORNIA
2030	LOMPOC	6083	CALIFORNIA
2031	TORRANCE	6037	CALIFORNIA
2032	WALNUT CREEK	6013	CALIFORNIA
2033	COCOA	12009	FLORIDA
2034	FORT WALTON BEACH	12091	FLORIDA
2035	NAPLES	12021	FLORIDA
2036	POMPANO BEACH	12011	FLORIDA
2037	CHESTERTON	18127	INDIANA
2038	FRANKLIN	22101	LOUISIANA
2039	OCEAN SPRINGS	28059	MISSISSIPPI
2040	STARKVILLE	28105	MISSISSIPPI
2041	CLAYTON	29189	MISSOURI
2042	QUEENS	36047	NEW YORK
2043	ROCKINGHAM	37153	NORTH CAROLINA
2044	MEDINA	39103	OHIO
2045	NAPOLEON	39069	OHIO
2046	MILAN	47053	TENNESSEE
2047	DUMAS	48341	TEXAS
2048	GRAND PRAIRIE	48113	TEXAS
2049	IRVING	48113	TEXAS
2050	RICHARDSON	48113	TEXAS
2051	CULPEPER	51047	VIRGINIA
2052	PRINCETON	54055	WEST VIRGINIA
2053	RIVERTON	56013	WYOMING
2054	DAVIS	6113	CALIFORNIA
2055	DOWNEY	6037	CALIFORNIA
2056	HEMET	6065	CALIFORNIA
2057	SAN CLEMENTE	6059	CALIFORNIA
2058	THOUSAND OAKS	6111	CALIFORNIA
2059	CRAIG	8081	COLORADO
2060	TITUSVILLE	12009	FLORIDA
2061	LAWRENCEVILLE	13135	GEORGIA
2062	ARLINGTON HEIGHTS	17031	ILLINOIS
2063	DENISON	19047	IOWA
2064	SOMERSET	21199	KENTUCKY
2065	MINDEN	22119	LOUISIANA
2066	UTICA	26099	MICHIGAN
2067	WAYNE	34031	NEW JERSEY
2068	CHARDON	39055	OHIO
2069	LEWISBURG-RONCEVERTE-WHITE SULPHUR SPRINGS	54025	WEST VIRGINIA
2070	ATHENS	1083	ALABAMA
2071	SCOTTSBORO	1071	ALABAMA
2072	BENTON	5125	ARKANSAS
2073	JACKSONVILLE	5119	ARKANSAS
2074	DUBLIN	6001	CALIFORNIA
2075	GOLETA VALLEY	6083	CALIFORNIA
2076	VICTORVILLE	6071	CALIFORNIA
2077	GOLDEN	8059	COLORADO
2078	MILFORD	9009	CONNECTICUT
2079	BOCA RATON	12099	FLORIDA
2080	KISSIMMEE	12097	FLORIDA
2081	LAKE CITY	12023	FLORIDA
2082	PUNTA GORDA	12015	FLORIDA
2083	STATESBORO	13031	GEORGIA
2084	WARNER ROBINS	13153	GEORGIA
2085	BUFFALO GROVE	17097	ILLINOIS
2086	DES PLAINES	17031	ILLINOIS
2087	ELK GROVE	17031	ILLINOIS
2088	ROLLING MEADOWS	17031	ILLINOIS
2089	WHEELING	17031	ILLINOIS
2090	THIBODAUX	22057	LOUISIANA
2091	WAYNE	26163	MICHIGAN
2092	WASECA	27161	MINNESOTA
2093	BROOKHAVEN	28085	MISSISSIPPI
2094	OXFORD	28071	MISSISSIPPI
2095	NEWTON	34037	NEW JERSEY
2096	LOS ALAMOS	35028	NEW MEXICO
2097	ASHEBORO	37151	NORTH CAROLINA
2098	ONTARIO	41045	OREGON
2099	BROOKINGS	46011	SOUTH DAKOTA
2100	COOKEVILLE	47141	TENNESSEE
2101	LEBANON	47189	TENNESSEE
2102	ROSENBERG	48157	TEXAS
2103	WEST BEND	55131	WISCONSIN
2104	KODIAK	2150	ALASKA
2105	CASA GRANDE	4021	ARIZONA
2106	KINGMAN	4015	ARIZONA
2107	ORLAND	6021	CALIFORNIA
2108	RIDGECREST	6029	CALIFORNIA
2109	GROTON	9011	CONNECTICUT
2110	DADE CITY	12101	FLORIDA
2111	ORANGE PARK	12019	FLORIDA
2112	COLLEGE PARK	13121	GEORGIA
2113	JONESBORO	13063	GEORGIA
2114	MABLETON	13067	GEORGIA
2115	ROSWELL	13121	GEORGIA
2116	DERBY	20173	KANSAS
2117	HAYSVILLE	20173	KANSAS
2118	ELIZABETHTOWN	21093	KENTUCKY
2119	SLIDELL	22103	LOUISIANA
2120	EASTON	24041	MARYLAND
2121	DEDHAM	25021	MASSACHUSETTS
2122	CLEVELAND	28011	MISSISSIPPI
2123	DEXTER	29207	MISSOURI
2124	LEES SUMMIT	29095	MISSOURI
2125	FALLON	32001	NEVADA
2126	NORTH LAS VEGAS	32003	NEVADA
2127	SALEM	34033	NEW JERSEY
2128	CHAPEL HILL	37135	NORTH CAROLINA
2129	MONROE	37179	NORTH CAROLINA
2130	NEWTON	37035	NORTH CAROLINA
2131	WEATHERFORD	40039	OKLAHOMA
2132	BEAUFORT	45013	SOUTH CAROLINA
2133	HUNTSVILLE	48471	TEXAS
2134	LEAGUE CITY	48167	TEXAS
2135	LEWISVILLE	48121	TEXAS
2136	MESQUITE	48113	TEXAS
2137	PLANO	48085	TEXAS
2138	PORT LAVACA	48057	TEXAS
2139	MANASSAS	51683	VIRGINIA
2140	ALEXANDER CITY	1123	ALABAMA
2141	FORT PAYNE	1049	ALABAMA
2142	KENAI	2122	ALASKA
2143	CHANDLER	4013	ARIZONA
2144	SIERRA VISTA	4003	ARIZONA
2145	SUN CITY	4013	ARIZONA
2146	SIMI VALLEY	6111	CALIFORNIA
2147	CAPE CORAL	12071	FLORIDA
2148	VERO BEACH	12061	FLORIDA
2149	CONYERS	13247	GEORGIA
2150	CRYSTAL LAKE	17111	ILLINOIS
2151	HANOVER PARK-STREAMWOOD-BARTLETT	17031	ILLINOIS
2152	COLBY	20193	KANSAS
2153	ABBEVILLE	22113	LOUISIANA
2154	AMHERST	25015	MASSACHUSETTS
2155	HANOVER	25023	MASSACHUSETTS
2156	PICAYUNE	28109	MISSISSIPPI
2157	YAZOO CITY	28163	MISSISSIPPI
2158	MOUNT KISCO	36119	NEW YORK
2159	CLINTON	37163	NORTH CAROLINA
2160	FOREST CITY	37161	NORTH CAROLINA
2161	BEAVERCREEK	39057	OHIO
2162	BROKEN ARROW	40143	OKLAHOMA
2163	EDMOND	40109	OKLAHOMA
2164	IRWIN	42129	PENNSYLVANIA
2165	CAMDEN	45055	SOUTH CAROLINA
2166	ALVIN	48039	TEXAS
2167	ANGLETON	48039	TEXAS
2168	CLEAR LAKE CITY	48167	TEXAS
2169	HEREFORD	48117	TEXAS
2170	SEGUIN	48187	TEXAS
2171	ST. GEORGE	49053	UTAH
2172	WOODBRIDGE	51153	VIRGINIA
2173	LAKEPORT	6033	CALIFORNIA
2174	MANTECA	6077	CALIFORNIA
2175	PINOLE	6013	CALIFORNIA
2176	VACAVILLE	6095	CALIFORNIA
2177	CASTLE ROCK	8035	COLORADO
2178	KAILUA-KONA	15001	HAWAII
2179	LIHUE	15007	HAWAII
2180	LANHAM	24033	MARYLAND
2181	ROCKVILLE	24031	MARYLAND
2182	WESTMINSTER	24013	MARYLAND
2183	BLUE SPRINGS	29095	MISSOURI
2184	EDEN	37157	NORTH CAROLINA
2185	MOUNT AIRY	37171	NORTH CAROLINA
2186	CARROLLTON	48121	TEXAS
2187	NEW BRAUNFELS	48091	TEXAS
2188	CHRISTIANSBURG	51121	VIRGINIA
2189	FAIRFAX	51600	VIRGINIA
2190	PULLMAN	53075	WASHINGTON
2191	SUNNYSIDE	53077	WASHINGTON
2192	MOUNTAIN HOME	5005	ARKANSAS
2193	TRACY	6077	CALIFORNIA
2194	VAIL	8037	COLORADO
2195	INVERNESS	12017	FLORIDA
2196	DE RIDDER	22011	LOUISIANA
2197	EUNICE	22097	LOUISIANA
2198	LEESVILLE	22115	LOUISIANA
2199	SULPHUR	22019	LOUISIANA
2200	CAMDENTON	29029	MISSOURI
2201	ABERDEEN	37125	NORTH CAROLINA
2202	MARION	37111	NORTH CAROLINA
2203	LEWISBURG	42119	PENNSYLVANIA
2204	HILTON HEAD ISLAND	45013	SOUTH CAROLINA
2205	SEVIERVILLE	47155	TENNESSEE
2206	GILBERT	4013	ARIZONA
2207	BENICIA	6095	CALIFORNIA
2208	CRESCENT CITY	6015	CALIFORNIA
2209	SANTA CLARITA	6037	CALIFORNIA
2210	TEMECULA	6065	CALIFORNIA
2211	FRISCO	8117	COLORADO
2212	DOUGLASVILLE	13097	GEORGIA
2213	ELKTON	24015	MARYLAND
2214	SIDNEY	31033	NEBRASKA
2215	COBLESKILL	36095	NEW YORK
2216	ELIZABETHTOWN	37017	NORTH CAROLINA
2217	POTEAU	40079	OKLAHOMA
2218	BULLHEAD CITY	4015	ARIZONA
2219	LAKE HAVASU CITY	4015	ARIZONA
2220	CRYSTAL RIVER	12017	FLORIDA
2221	OKEECHOBEE	12093	FLORIDA
2222	STORM LAKE	19021	IOWA
2223	NATCHITOCHES	22069	LOUISIANA
2224	BRANSON	29213	MISSOURI
2225	BERLIN	33007	NEW HAMPSHIRE
2226	MIDDLESEX COUNTY-EAST BRUNSWICK	34023	NEW JERSEY
2227	LAURINBURG	37165	NORTH CAROLINA
2228	GROVE	40041	OKLAHOMA
2229	LADY LAKE	12069	FLORIDA
2230	NEWNAN	13077	GEORGIA
2231	HERNANDO	28033	MISSISSIPPI
2232	WESTCHESTER COUNTY-ROCKLAND COUNTY	36119	NEW YORK
2233	CANTON	13057	GEORGIA
2234	ANGOLA	18151	INDIANA
2235	HOWELL	26093	MICHIGAN
2236	SENECA	45073	SOUTH CAROLINA
